Workbook

Sheet 使い方
A1: ラック搭載図（台帳版）の使い方
A3: ■ 直すのは「機器台帳」シートだけです
A4: 機器を足す: 空いている行に1行書きます。ラック・面・開始U・U数・機器名は必ず入れます。
A5: 機器を外す: その行を削除します（行ごと消してください。値だけ消すと点検に残ります）。
A6: 機器を移す: 「開始U」を書き換えます。図は自動で動きます。
A7: 2U以上の機器: 「U数」に2以上を入れます。行を増やす必要はありません。
A8: 前面と背面の両方から見える機器: 「面」を『両面』にします。両方の図に出ます。
A10: ■ 図形は使っていません
A11: 「搭載図」シートは数式で機器名を引いています。図のセルを直接書き換えないでください（次に誰かが台帳を直すと消えます）。
A12: 図形が無いので、Teams で同時に開いても壊れません。
A14: ■ 電力の書き方
A15: 電圧V・電流A・口数は数値で入れます。『100V』『1系統』のように単位を付けると計算できません。
... A34: 個人の OneDrive にコピーを置くと、そちらだけ古くなります。コピーは作らないでください。

Sheet 機器台帳
A1: ラック | B1: 面 | C1: 開始U | D1: U数 | E1: 終了U | F1: 機器名 | G1: 資産番号 | H1: システム | I1: 用途 | J1: 重量kg | K1: 電圧V | L1: 系統数 | M1: 回路1 | N1: 電流1A | O1: 口数1 | P1: 回路2 | Q1: 電流2A | R1: 口数2 | S1: 回路3 | T1: 電流3A | U1: 口数3 | V1: マウントキット | W1: 耐震ベルト | X1: 備考 | Y1: 回路数 | Z1: 消費電力W | AA1: 両系1A | AB1: 両系2A | AC1: 両系3A | AD1: 点検
A2: E24-S8-1 | B2: 両面 | C2: 39 | D2: 1 | E2: =IF(C2="","",C2+D2-1) | F2: Dell S4128T-1 | G2: H1902245 | H2: AdTech | I2: SW | J2: 4.5 | K2: 100 | L2: 2 | M2: 100V 20A （1） | N2: 0.5 | O2: 1 | P2: 100V 20A （2） | Q2: 0.5 | R2: 1 | V2: ○ | Y2: =COUNT(N2,Q2,T2) | Z2: =IF(OR(K2="",NOT(ISNUMBER(K2))),"",K2*SUM(N2,Q2,T2)) | AA2: =IF(OR(Y2=0,N2=""),"",N2/Y2) | AB2: =IF(OR(Y2=0,Q2=""),"",Q2/Y2) | AC2: =IF(OR(Y2=0,T2=""),"",T2/Y2) | AD2: =IF(F2="","",IF((IF(AND(Y2=0,NOT(SUMPRODUCT(--ISNUMBER(SEARCH({"棚板","棚","アングル","ｱﾝｸﾞﾙ","使用不可","ケーブル","ｹｰﾌﾞﾙ","PatchPnael","パッチ","引き出し","引出","ブランク","ﾌﾞﾗﾝｸ","マネージ","ﾏﾈｰｼﾞ","PDU","ONU"},$F2&"")))>0),NOT(SUMPRODUCT(--ISNUMBER(SEARCH({"電源オフ","未投入","停止","未使用","撤去"},$X2&"")))>0)),"／電力が未記入","")&IF(AND(NOT(ISNUMBER(J2)),NOT(SUMPRODUCT(--ISNUMBER(SEARCH({"棚板","棚","アングル","ｱﾝｸﾞﾙ","使用不可","ケーブル","ｹｰﾌﾞﾙ","PatchPnael","パッチ","引き出し","引出","ブランク","ﾌﾞﾗﾝｸ","マネージ","ﾏﾈｰｼﾞ","PDU","ONU"},$F2&"")))>0)),"／重量が未記入","")&IF(AND(K2<>"",NOT(ISNUMBER(K2))),"／電圧が数値でない","")&IF(AND(N2<>"",NOT(ISNUMBER(N2))),"／電流が数値でない","")&IF(AND(C2<>"",C2<1),"／開始Uが1未満","")&IF(AND(E2<>"",E2>IFERROR(VLOOKUP(A2,ラック定義!$A:$B,2,FALSE),47)),"／総Uをはみ出す","")&IF(AND(A2<>"",COUNTIF(ラック定義!$A:$A,A2)=0),"／ラックが定義にない","")&IF(AND(SUMPRODUCT((機器台帳!$A$2:$A$400=$A2)*((機器台帳!$B$2:$B$400=$B2)+(機器台帳!$B$2:$B$400="両面")+($B2="両面")>0)*(機器台帳!$C$2:$C$400<=$C2+$D2-1)*(機器台帳!$C$2:$C$400+機器台帳!$D$2:$D$400-1>=$C2)*(機器台帳!$F$2:$F$400<>""))-1>0,NOT(SUMPRODUCT(--ISNUMBER(SEARCH({"棚板","棚","アングル","ｱﾝｸﾞﾙ","使用不可","ケーブル","ｹｰﾌﾞﾙ","PatchPnael","パッチ","引き出し","引出","ブランク","ﾌﾞﾗﾝｸ","マネージ","ﾏﾈｰｼﾞ","PDU","ONU"},$F2&"")))>0)),"／同じUに他の機器(横並びなら正常)","")&IF(AND(M2<>"",COUNTIFS(回路定義!$A:$A,A2,回路定義!$B:$B,M2)=0),"／回路1が定義にない","")&IF(AND(P2<>"",COUNTIFS(回路定義!$A:$A,A2,回路定義!$B:$B,P2)=0),"／回路2が定義にない","")&IF(AND(S2<>"",COUNTIFS(回路定義!$A:$A,A2,回路定義!$B:$B,S2)=0),"／回路3が定義にない",""))="","",MID(IF(AND(Y2=0,NOT(SUMPRODUCT(--ISNUMBER(SEARCH({"棚板","棚","アングル","ｱﾝｸﾞﾙ","使用不可","ケーブル","ｹｰﾌﾞﾙ","PatchPnael","パッチ","引き出し","引出","ブランク","ﾌﾞﾗﾝｸ","マネージ","ﾏﾈｰｼﾞ","PDU","ONU"},$F2&"")))>0),NOT(SUMPRODUCT(--ISNUMBER(SEARCH({"電源オフ","未投入","停止","未使用","撤去"},$X2&"")))>0)),"／電力が未記入","")&IF(AND(NOT(ISNUMBER(J2)),NOT(SUMPRODUCT(--ISNUMBER(SEARCH({"棚板","棚","アングル","ｱﾝｸﾞﾙ","使用不可","ケーブル","ｹｰﾌﾞﾙ","PatchPnael","パッチ","引き出し","引出","ブランク","ﾌﾞﾗﾝｸ","マネージ","ﾏﾈｰｼﾞ","PDU","ONU"},$F2&"")))>0)),"／重量が未記入","")&IF(AND(K2<>"",NOT(ISNUMBER(K2))),"／電圧が数値でない","")&IF(AND(N2<>"",NOT(ISNUMBER(N2))),"／電流が数値でない","")&IF(AND(C2<>"",C2<1),"／開始Uが1未満","")&IF(AND(E2<>"",E2>IFERROR(VLOOKUP(A2,ラック定義!$A:$B,2,FALSE),47)),"／総Uをはみ出す","")&IF(AND(A2<>"",COUNTIF(ラック定義!$A:$A,A2)=0),"／ラックが定義にない","")&IF(AND(SUMPRODUCT((機器台帳!$A$2:$A$400=$A2)*((機器台帳!$B$2:$B$400=$B2)+(機器台帳!$B$2:$B$400="両面")+($B2="両面")>0)*(機器台帳!$C$2:$C$400<=$C2+$D2-1)*(機器台帳!$C$2:$C$400+機器台帳!$D$2:$D$400-1>=$C2)*(機器台帳!$F$2:$F$400<>""))-1>0,NOT(SUMPRODUCT(--ISNUMBER(SEARCH({"棚板","棚","アングル","ｱﾝｸﾞﾙ","使用不可","ケーブル","ｹｰﾌﾞﾙ","PatchPnael","パッチ","引き出し","引出","ブランク","ﾌﾞﾗﾝｸ","マネージ","ﾏﾈｰｼﾞ","PDU","ONU"},$F2&"")))>0)),"／同じUに他の機器(横並びなら正常)","")&IF(AND(M2<>"",COUNTIFS(回路定義!$A:$A,A2,回路定義!$B:$B,M2)=0),"／回路1が定義にない","")&IF(AND(P2<>"",COUNTIFS(回路定義!$A:$A,A2,回路定義!$B:$B,P2)=0),"／回路2が定義にない","")&IF(AND(S2<>"",COUNTIFS(回路定義!$A:$A,A2,回路定義!$B:$B,S2)=0),"／回路3が定義にない",""),2,300)))
A3: E24-S8-1 | B3: 両面 | C3: 38 | D3: 1 | E3: =IF(C3="","",C3+D3-1) | F3: DELLEMC R640-2 | G3: H1714831 | I3: Server | J3: 9.5 | V3: ○ | X3: 故障のため電源未投入 | Y3: =COUNT(N3,Q3,T3) | Z3: =IF(OR(K3="",NOT(ISNUMBER(K3))),"",K3*SUM(N3,Q3,T3)) | AA3: =IF(OR(Y3=0,N3=""),"",N3/Y3) | AB3: =IF(OR(Y3=0,Q3=""),"",Q3/Y3) | AC3: =IF(OR(Y3=0,T3=""),"",T3/Y3) | AD3: =IF(F3="","",IF((IF(AND(Y3=0,NOT(SUMPRODUCT(--ISNUMBER(SEARCH({"棚板","棚","アングル","ｱﾝｸﾞﾙ","使用不可","ケーブル","ｹｰﾌﾞﾙ","PatchPnael","パッチ","引き出し","引出","ブランク","ﾌﾞﾗﾝｸ","マネージ","ﾏﾈｰｼﾞ","PDU","ONU"},$F3&"")))>0),NOT(SUMPRODUCT(--ISNUMBER(SEARCH({"電源オフ","未投入","停止","未使用","撤去"},$X3&"")))>0)),"／電力が未記入","")&IF(AND(NOT(ISNUMBER(J3)),NOT(SUMPRODUCT(--ISNUMBER(SEARCH({"棚板","棚","アングル","ｱﾝｸﾞﾙ","使用不可","ケーブル","ｹｰﾌﾞﾙ","PatchPnael","パッチ","引き出し","引出","ブランク","ﾌﾞﾗﾝｸ","マネージ","ﾏﾈｰｼﾞ","PDU","ONU"},$F3&"")))>0)),"／重量が未記入","")&IF(AND(K3<>"",NOT(ISNUMBER(K3))),"／電圧が数値でない","")&IF(AND(N3<>"",NOT(ISNUMBER(N3))),"／電流が数値でない","")&IF(AND(C3<>"",C3<1),"／開始Uが1未満","")&IF(AND(E3<>"",E3>IFERROR(VLOOKUP(A3,ラック定義!$A:$B,2,FALSE),47)),"／総Uをはみ出す","")&IF(AND(A3<>"",COUNTIF(ラック定義!$A:$A,A3)=0),"／ラックが定義にない","")&IF(AND(SUMPRODUCT((機器台帳!$A$2:$A$400=$A3)*((機器台帳!$B$2:$B$400=$B3)+(機器台帳!$B$2:$B$400="両面")+($B3="両面")>0)*(機器台帳!$C$2:$C$400<=$C3+$D3-1)*(機器台帳!$C$2:$C$400+機器台帳!$D$2:$D$400-1>=$C3)*(機器台帳!$F$2:$F$400<>""))-1>0,NOT(SUMPRODUCT(--ISNUMBER(SEARCH({"棚板","棚","アングル","ｱﾝｸﾞﾙ","使用不可","ケーブル","ｹｰﾌﾞﾙ","PatchPnael","パッチ","引き出し","引出","ブランク","ﾌﾞﾗﾝｸ","マネージ","ﾏﾈｰｼﾞ","PDU","ONU"},$F3&"")))>0)),"／同じUに他の機器(横並びなら正常)","")&IF(AND(M3<>"",COUNTIFS(回路定義!$A:$A,A3,回路定義!$B:$B,M3)=0),"／回路1が定義にない","")&IF(AND(P3<>"",COUNTIFS(回路定義!$A:$A,A3,回路定義!$B:$B,P3)=0),"／回路2が定義にない","")&IF(AND(S3<>"",COUNTIFS(回路定義!$A:$A,A3,回路定義!$B:$B,S3)=0),"／回路3が定義にない",""))="","",MID(IF(AND(Y3=0,NOT(SUMPRODUCT(--ISNUMBER(SEARCH({"棚板","棚","アングル","ｱﾝｸﾞﾙ","使用不可","ケーブル","ｹｰﾌﾞﾙ","PatchPnael","パッチ","引き出し","引出","ブランク","ﾌﾞﾗﾝｸ","マネージ","ﾏﾈｰｼﾞ","PDU","ONU"},$F3&"")))>0),NOT(SUMPRODUCT(--ISNUMBER(SEARCH({"電源オフ","未投入","停止","未使用","撤去"},$X3&"")))>0)),"／電力が未記入","")&IF(AND(NOT(ISNUMBER(J3)),NOT(SUMPRODUCT(--ISNUMBER(SEARCH({"棚板","棚","アングル","ｱﾝｸﾞﾙ","使用不可","ケーブル","ｹｰﾌﾞﾙ","PatchPnael","パッチ","引き出し","引出","ブランク","ﾌﾞﾗﾝｸ","マネージ","ﾏﾈｰｼﾞ","PDU","ONU"},$F3&"")))>0)),"／重量が未記入","")&IF(AND(K3<>"",NOT(ISNUMBER(K3))),"／電圧が数値でない","")&IF(AND(N3<>"",NOT(ISNUMBER(N3))),"／電流が数値でない","")&IF(AND(C3<>"",C3<1),"／開始Uが1未満","")&IF(AND(E3<>"",E3>IFERROR(VLOOKUP(A3,ラック定義!$A:$B,2,FALSE),47)),"／総Uをはみ出す","")&IF(AND(A3<>"",COUNTIF(ラック定義!$A:$A,A3)=0),"／ラックが定義にない","")&IF(AND(SUMPRODUCT((機器台帳!$A$2:$A$400=$A3)*((機器台帳!$B$2:$B$400=$B3)+(機器台帳!$B$2:$B$400="両面")+($B3="両面")>0)*(機器台帳!$C$2:$C$400<=$C3+$D3-1)*(機器台帳!$C$2:$C$400+機器台帳!$D$2:$D$400-1>=$C3)*(機器台帳!$F$2:$F$400<>""))-1>0,NOT(SUMPRODUCT(--ISNUMBER(SEARCH({"棚板","棚","アングル","ｱﾝｸﾞﾙ","使用不可","ケーブル","ｹｰﾌﾞﾙ","PatchPnael","パッチ","引き出し","引出","ブランク","ﾌﾞﾗﾝｸ","マネージ","ﾏﾈｰｼﾞ","PDU","ONU"},$F3&"")))>0)),"／同じUに他の機器(横並びなら正常)","")&IF(AND(M3<>"",COUNTIFS(回路定義!$A:$A,A3,回路定義!$B:$B,M3)=0),"／回路1が定義にない","")&IF(AND(P3<>"",COUNTIFS(回路定義!$A:$A,A3,回路定義!$B:$B,P3)=0),"／回路2が定義にない","")&IF(AND(S3<>"",COUNTIFS(回路定義!$A:$A,A3,回路定義!$B:$B,S3)=0),"／回路3が定義にない",""),2,300)))
A4: E24-S8-1 | B4: 両面 | C4: 36 | D4: 1 | E4: =IF(C4="","",C4+D4-1) | F4: VxRail E560-6 | G4: H1806676 | H4: AdTech | I4: Server | J4: 9.5 | K4: 100 | L4: 2 | M4: 100V 20A （1） | N4: 3 | O4: 2 | V4: ○ | Y4: =COUNT(N4,Q4,T4) | Z4: =IF(OR(K4="",NOT(ISNUMBER(K4))),"",K4*SUM(N4,Q4,T4)) | AA4: =IF(OR(Y4=0,N4=""),"",N4/Y4) | AB4: =IF(OR(Y4=0,Q4=""),"",Q4/Y4) | AC4: =IF(OR(Y4=0,T4=""),"",T4/Y4) | AD4: =IF(F4="","",IF((IF(AND(Y4=0,NOT(SUMPRODUCT(--ISNUMBER(SEARCH({"棚板","棚","アングル","ｱﾝｸﾞﾙ","使用不可","ケーブル","ｹｰﾌﾞﾙ","PatchPnael","パッチ","引き出し","引出","ブランク","ﾌﾞﾗﾝｸ","マネージ","ﾏﾈｰｼﾞ","PDU","ONU"},$F4&"")))>0),NOT(SUMPRODUCT(--ISNUMBER(SEARCH({"電源オフ","未投入","停止","未使用","撤去"},$X4&"")))>0)),"／電力が未記入","")&IF(AND(NOT(ISNUMBER(J4)),NOT(SUMPRODUCT(--ISNUMBER(SEARCH({"棚板","棚","アングル","ｱﾝｸﾞﾙ","使用不可","ケーブル","ｹｰﾌﾞﾙ","PatchPnael","パッチ","引き出し","引出","ブランク","ﾌﾞﾗﾝｸ","マネージ","ﾏﾈｰｼﾞ","PDU","ONU"},$F4&"")))>0)),"／重量が未記入","")&IF(AND(K4<>"",NOT(ISNUMBER(K4))),"／電圧が数値でない","")&IF(AND(N4<>"",NOT(ISNUMBER(N4))),"／電流が数値でない","")&IF(AND(C4<>"",C4<1),"／開始Uが1未満","")&IF(AND(E4<>"",E4>IFERROR(VLOOKUP(A4,ラック定義!$A:$B,2,FALSE),47)),"／総Uをはみ出す","")&IF(AND(A4<>"",COUNTIF(ラック定義!$A:$A,A4)=0),"／ラックが定義にない","")&IF(AND(SUMPRODUCT((機器台帳!$A$2:$A$400=$A4)*((機器台帳!$B$2:$B$400=$B4)+(機器台帳!$B$2:$B$400="両面")+($B4="両面")>0)*(機器台帳!$C$2:$C$400<=$C4+$D4-1)*(機器台帳!$C$2:$C$400+機器台帳!$D$2:$D$400-1>=$C4)*(機器台帳!$F$2:$F$400<>""))-1>0,NOT(SUMPRODUCT(--ISNUMBER(SEARCH({"棚板","棚","アングル","ｱﾝｸﾞﾙ","使用不可","ケーブル","ｹｰﾌﾞﾙ","PatchPnael","パッチ","引き出し","引出","ブランク","ﾌﾞﾗﾝｸ","マネージ","ﾏﾈｰｼﾞ","PDU","ONU"},$F4&"")))>0)),"／同じUに他の機器(横並びなら正常)","")&IF(AND(M4<>"",COUNTIFS(回路定義!$A:$A,A4,回路定義!$B:$B,M4)=0),"／回路1が定義にない","")&IF(AND(P4<>"",COUNTIFS(回路定義!$A:$A,A4,回路定義!$B:$B,P4)=0),"／回路2が定義にない","")&IF(AND(S4<>"",COUNTIFS(回路定義!$A:$A,A4,回路定義!$B:$B,S4)=0),"／回路3が定義にない",""))="","",MID(IF(AND(Y4=0,NOT(SUMPRODUCT(--ISNUMBER(SEARCH({"棚板","棚","アングル","ｱﾝｸﾞﾙ","使用不可","ケーブル","ｹｰﾌﾞﾙ","PatchPnael","パッチ","引き出し","引出","ブランク","ﾌﾞﾗﾝｸ","マネージ","ﾏﾈｰｼﾞ","PDU","ONU"},$F4&"")))>0),NOT(SUMPRODUCT(--ISNUMBER(SEARCH({"電源オフ","未投入","停止","未使用","撤去"},$X4&"")))>0)),"／電力が未記入","")&IF(AND(NOT(ISNUMBER(J4)),NOT(SUMPRODUCT(--ISNUMBER(SEARCH({"棚板","棚","アングル","ｱﾝｸﾞﾙ","使用不可","ケーブル","ｹｰﾌﾞﾙ","PatchPnael","パッチ","引き出し","引出","ブランク","ﾌﾞﾗﾝｸ","マネージ","ﾏﾈｰｼﾞ","PDU","ONU"},$F4&"")))>0)),"／重量が未記入","")&IF(AND(K4<>"",NOT(ISNUMBER(K4))),"／電圧が数値でない","")&IF(AND(N4<>"",NOT(ISNUMBER(N4))),"／電流が数値でない","")&IF(AND(C4<>"",C4<1),"／開始Uが1未満","")&IF(AND(E4<>"",E4>IFERROR(VLOOKUP(A4,ラック定義!$A:$B,2,FALSE),47)),"／総Uをはみ出す","")&IF(AND(A4<>"",COUNTIF(ラック定義!$A:$A,A4)=0),"／ラックが定義にない","")&IF(AND(SUMPRODUCT((機器台帳!$A$2:$A$400=$A4)*((機器台帳!$B$2:$B$400=$B4)+(機器台帳!$B$2:$B$400="両面")+($B4="両面")>0)*(機器台帳!$C$2:$C$400<=$C4+$D4-1)*(機器台帳!$C$2:$C$400+機器台帳!$D$2:$D$400-1>=$C4)*(機器台帳!$F$2:$F$400<>""))-1>0,NOT(SUMPRODUCT(--ISNUMBER(SEARCH({"棚板","棚","アングル","ｱﾝｸﾞﾙ","使用不可","ケーブル","ｹｰﾌﾞﾙ","PatchPnael","パッチ","引き出し","引出","ブランク","ﾌﾞﾗﾝｸ","マネージ","ﾏﾈｰｼﾞ","PDU","ONU"},$F4&"")))>0)),"／同じUに他の機器(横並びなら正常)","")&IF(AND(M4<>"",COUNTIFS(回路定義!$A:$A,A4,回路定義!$B:$B,M4)=0),"／回路1が定義にない","")&IF(AND(P4<>"",COUNTIFS(回路定義!$A:$A,A4,回路定義!$B:$B,P4)=0),"／回路2が定義にない","")&IF(AND(S4<>"",COUNTIFS(回路定義!$A:$A,A4,回路定義!$B:$B,S4)=0),"／回路3が定義にない",""),2,300)))
A5: E24-S8-1 | B5: 両面 | C5: 35 | D5: 1 | E5: =IF(C5="","",C5+D5-1) | F5: VxRail E560-5 | G5: H1806677 | H5: AdTech | I5: Server | J5: 9.5 | K5: 100 | L5: 2 | M5: 100V 20A （1） | N5: 3 | O5: 2 | V5: ○ | Y5: =COUNT(N5,Q5,T5) | Z5: =IF(OR(K5="",NOT(ISNUMBER(K5))),"",K5*SUM(N5,Q5,T5)) | AA5: =IF(OR(Y5=0,N5=""),"",N5/Y5) | AB5: =IF(OR(Y5=0,Q5=""),"",Q5/Y5) | AC5: =IF(OR(Y5=0,T5=""),"",T5/Y5) | AD5: =IF(F5="","",IF((IF(AND(Y5=0,NOT(SUMPRODUCT(--ISNUMBER(SEARCH({"棚板","棚","アングル","ｱﾝｸﾞﾙ","使用不可","ケーブル","ｹｰﾌﾞﾙ","PatchPnael","パッチ","引き出し","引出","ブランク","ﾌﾞﾗﾝｸ","マネージ","ﾏﾈｰｼﾞ","PDU","ONU"},$F5&"")))>0),NOT(SUMPRODUCT(--ISNUMBER(SEARCH({"電源オフ","未投入","停止","未使用","撤去"},$X5&"")))>0)),"／電力が未記入","")&IF(AND(NOT(ISNUMBER(J5)),NOT(SUMPRODUCT(--ISNUMBER(SEARCH({"棚板","棚","アングル","ｱﾝｸﾞﾙ","使用不可","ケーブル","ｹｰﾌﾞﾙ","PatchPnael","パッチ","引き出し","引出","ブランク","ﾌﾞﾗﾝｸ","マネージ","ﾏﾈｰｼﾞ","PDU","ONU"},$F5&"")))>0)),"／重量が未記入","")&IF(AND(K5<>"",NOT(ISNUMBER(K5))),"／電圧が数値でない","")&IF(AND(N5<>"",NOT(ISNUMBER(N5))),"／電流が数値でない","")&IF(AND(C5<>"",C5<1),"／開始Uが1未満","")&IF(AND(E5<>"",E5>IFERROR(VLOOKUP(A5,ラック定義!$A:$B,2,FALSE),47)),"／総Uをはみ出す","")&IF(AND(A5<>"",COUNTIF(ラック定義!$A:$A,A5)=0),"／ラックが定義にない","")&IF(AND(SUMPRODUCT((機器台帳!$A$2:$A$400=$A5)*((機器台帳!$B$2:$B$400=$B5)+(機器台帳!$B$2:$B$400="両面")+($B5="両面")>0)*(機器台帳!$C$2:$C$400<=$C5+$D5-1)*(機器台帳!$C$2:$C$400+機器台帳!$D$2:$D$400-1>=$C5)*(機器台帳!$F$2:$F$400<>""))-1>0,NOT(SUMPRODUCT(--ISNUMBER(SEARCH({"棚板","棚","アングル","ｱﾝｸﾞﾙ","使用不可","ケーブル","ｹｰﾌﾞﾙ","PatchPnael","パッチ","引き出し","引出","ブランク","ﾌﾞﾗﾝｸ","マネージ","ﾏﾈｰｼﾞ","PDU","ONU"},$F5&"")))>0)),"／同じUに他の機器(横並びなら正常)","")&IF(AND(M5<>"",COUNTIFS(回路定義!$A:$A,A5,回路定義!$B:$B,M5)=0),"／回路1が定義にない","")&IF(AND(P5<>"",COUNTIFS(回路定義!$A:$A,A5,回路定義!$B:$B,P5)=0),"／回路2が定義にない","")&IF(AND(S5<>"",COUNTIFS(回路定義!$A:$A,A5,回路定義!$B:$B,S5)=0),"／回路3が定義にない",""))="","",MID(IF(AND(Y5=0,NOT(SUMPRODUCT(--ISNUMBER(SEARCH({"棚板","棚","アングル","ｱﾝｸﾞﾙ","使用不可","ケーブル","ｹｰﾌﾞﾙ","PatchPnael","パッチ","引き出し","引出","ブランク","ﾌﾞﾗﾝｸ","マネージ","ﾏﾈｰｼﾞ","PDU","ONU"},$F5&"")))>0),NOT(SUMPRODUCT(--ISNUMBER(SEARCH({"電源オフ","未投入","停止","未使用","撤去"},$X5&"")))>0)),"／電力が未記入","")&IF(AND(NOT(ISNUMBER(J5)),NOT(SUMPRODUCT(--ISNUMBER(SEARCH({"棚板","棚","アングル","ｱﾝｸﾞﾙ","使用不可","ケーブル","ｹｰﾌﾞﾙ","PatchPnael","パッチ","引き出し","引出","ブランク","ﾌﾞﾗﾝｸ","マネージ","ﾏﾈｰｼﾞ","PDU","ONU"},$F5&"")))>0)),"／重量が未記入","")&IF(AND(K5<>"",NOT(ISNUMBER(K5))),"／電圧が数値でない","")&IF(AND(N5<>"",NOT(ISNUMBER(N5))),"／電流が数値でない","")&IF(AND(C5<>"",C5<1),"／開始Uが1未満","")&IF(AND(E5<>"",E5>IFERROR(VLOOKUP(A5,ラック定義!$A:$B,2,FALSE),47)),"／総Uをはみ出す","")&IF(AND(A5<>"",COUNTIF(ラック定義!$A:$A,A5)=0),"／ラックが定義にない","")&IF(AND(SUMPRODUCT((機器台帳!$A$2:$A$400=$A5)*((機器台帳!$B$2:$B$400=$B5)+(機器台帳!$B$2:$B$400="両面")+($B5="両面")>0)*(機器台帳!$C$2:$C$400<=$C5+$D5-1)*(機器台帳!$C$2:$C$400+機器台帳!$D$2:$D$400-1>=$C5)*(機器台帳!$F$2:$F$400<>""))-1>0,NOT(SUMPRODUCT(--ISNUMBER(SEARCH({"棚板","棚","アングル","ｱﾝｸﾞﾙ","使用不可","ケーブル","ｹｰﾌﾞﾙ","PatchPnael","パッチ","引き出し","引出","ブランク","ﾌﾞﾗﾝｸ","マネージ","ﾏﾈｰｼﾞ","PDU","ONU"},$F5&"")))>0)),"／同じUに他の機器(横並びなら正常)","")&IF(AND(M5<>"",COUNTIFS(回路定義!$A:$A,A5,回路定義!$B:$B,M5)=0),"／回路1が定義にない","")&IF(AND(P5<>"",COUNTIFS(回路定義!$A:$A,A5,回路定義!$B:$B,P5)=0),"／回路2が定義にない","")&IF(AND(S5<>"",COUNTIFS(回路定義!$A:$A,A5,回路定義!$B:$B,S5)=0),"／回路3が定義にない",""),2,300)))
A6: E24-S8-1 | B6: 両面 | C6: 34 | D6: 1 | E6: =IF(C6="","",C6+D6-1) | F6: VxRail E560-1 | G6: H1806678 | H6: AdTech | I6: Server | J6: 9.5 | K6: 100 | L6: 2 | M6: 100V 20A （1） | N6: 3 | O6: 2 | V6: ○ | Y6: =COUNT(N6,Q6,T6) | Z6: =IF(OR(K6="",NOT(ISNUMBER(K6))),"",K6*SUM(N6,Q6,T6)) | AA6: =IF(OR(Y6=0,N6=""),"",N6/Y6) | AB6: =IF(OR(Y6=0,Q6=""),"",Q6/Y6) | AC6: =IF(OR(Y6=0,T6=""),"",T6/Y6) | AD6: =IF(F6="","",IF((IF(AND(Y6=0,NOT(SUMPRODUCT(--ISNUMBER(SEARCH({"棚板","棚","アングル","ｱﾝｸﾞﾙ","使用不可","ケーブル","ｹｰﾌﾞﾙ","PatchPnael","パッチ","引き出し","引出","ブランク","ﾌﾞﾗﾝｸ","マネージ","ﾏﾈｰｼﾞ","PDU","ONU"},$F6&"")))>0),NOT(SUMPRODUCT(--ISNUMBER(SEARCH({"電源オフ","未投入","停止","未使用","撤去"},$X6&"")))>0)),"／電力が未記入","")&IF(AND(NOT(ISNUMBER(J6)),NOT(SUMPRODUCT(--ISNUMBER(SEARCH({"棚板","棚","アングル","ｱﾝｸﾞﾙ","使用不可","ケーブル","ｹｰﾌﾞﾙ","PatchPnael","パッチ","引き出し","引出","ブランク","ﾌﾞﾗﾝｸ","マネージ","ﾏﾈｰｼﾞ","PDU","ONU"},$F6&"")))>0)),"／重量が未記入","")&IF(AND(K6<>"",NOT(ISNUMBER(K6))),"／電圧が数値でない","")&IF(AND(N6<>"",NOT(ISNUMBER(N6))),"／電流が数値でない","")&IF(AND(C6<>"",C6<1),"／開始Uが1未満","")&IF(AND(E6<>"",E6>IFERROR(VLOOKUP(A6,ラック定義!$A:$B,2,FALSE),47)),"／総Uをはみ出す","")&IF(AND(A6<>"",COUNTIF(ラック定義!$A:$A,A6)=0),"／ラックが定義にない","")&IF(AND(SUMPRODUCT((機器台帳!$A$2:$A$400=$A6)*((機器台帳!$B$2:$B$400=$B6)+(機器台帳!$B$2:$B$400="両面")+($B6="両面")>0)*(機器台帳!$C$2:$C$400<=$C6+$D6-1)*(機器台帳!$C$2:$C$400+機器台帳!$D$2:$D$400-1>=$C6)*(機器台帳!$F$2:$F$400<>""))-1>0,NOT(SUMPRODUCT(--ISNUMBER(SEARCH({"棚板","棚","アングル","ｱﾝｸﾞﾙ","使用不可","ケーブル","ｹｰﾌﾞﾙ","PatchPnael","パッチ","引き出し","引出","ブランク","ﾌﾞﾗﾝｸ","マネージ","ﾏﾈｰｼﾞ","PDU","ONU"},$F6&"")))>0)),"／同じUに他の機器(横並びなら正常)","")&IF(AND(M6<>"",COUNTIFS(回路定義!$A:$A,A6,回路定義!$B:$B,M6)=0),"／回路1が定義にない","")&IF(AND(P6<>"",COUNTIFS(回路定義!$A:$A,A6,回路定義!$B:$B,P6)=0),"／回路2が定義にない","")&IF(AND(S6<>"",COUNTIFS(回路定義!$A:$A,A6,回路定義!$B:$B,S6)=0),"／回路3が定義にない",""))="","",MID(IF(AND(Y6=0,NOT(SUMPRODUCT(--ISNUMBER(SEARCH({"棚板","棚","アングル","ｱﾝｸﾞﾙ","使用不可","ケーブル","ｹｰﾌﾞﾙ","PatchPnael","パッチ","引き出し","引出","ブランク","ﾌﾞﾗﾝｸ","マネージ","ﾏﾈｰｼﾞ","PDU","ONU"},$F6&"")))>0),NOT(SUMPRODUCT(--ISNUMBER(SEARCH({"電源オフ","未投入","停止","未使用","撤去"},$X6&"")))>0)),"／電力が未記入","")&IF(AND(NOT(ISNUMBER(J6)),NOT(SUMPRODUCT(--ISNUMBER(SEARCH({"棚板","棚","アングル","ｱﾝｸﾞﾙ","使用不可","ケーブル","ｹｰﾌﾞﾙ","PatchPnael","パッチ","引き出し","引出","ブランク","ﾌﾞﾗﾝｸ","マネージ","ﾏﾈｰｼﾞ","PDU","ONU"},$F6&"")))>0)),"／重量が未記入","")&IF(AND(K6<>"",NOT(ISNUMBER(K6))),"／電圧が数値でない","")&IF(AND(N6<>"",NOT(ISNUMBER(N6))),"／電流が数値でない","")&IF(AND(C6<>"",C6<1),"／開始Uが1未満","")&IF(AND(E6<>"",E6>IFERROR(VLOOKUP(A6,ラック定義!$A:$B,2,FALSE),47)),"／総Uをはみ出す","")&IF(AND(A6<>"",COUNTIF(ラック定義!$A:$A,A6)=0),"／ラックが定義にない","")&IF(AND(SUMPRODUCT((機器台帳!$A$2:$A$400=$A6)*((機器台帳!$B$2:$B$400=$B6)+(機器台帳!$B$2:$B$400="両面")+($B6="両面")>0)*(機器台帳!$C$2:$C$400<=$C6+$D6-1)*(機器台帳!$C$2:$C$400+機器台帳!$D$2:$D$400-1>=$C6)*(機器台帳!$F$2:$F$400<>""))-1>0,NOT(SUMPRODUCT(--ISNUMBER(SEARCH({"棚板","棚","アングル","ｱﾝｸﾞﾙ","使用不可","ケーブル","ｹｰﾌﾞﾙ","PatchPnael","パッチ","引き出し","引出","ブランク","ﾌﾞﾗﾝｸ","マネージ","ﾏﾈｰｼﾞ","PDU","ONU"},$F6&"")))>0)),"／同じUに他の機器(横並びなら正常)","")&IF(AND(M6<>"",COUNTIFS(回路定義!$A:$A,A6,回路定義!$B:$B,M6)=0),"／回路1が定義にない","")&IF(AND(P6<>"",COUNTIFS(回路定義!$A:$A,A6,回路定義!$B:$B,P6)=0),"／回路2が定義にない","")&IF(AND(S6<>"",COUNTIFS(回路定義!$A:$A,A6,回路定義!$B:$B,S6)=0),"／回路3が定義にない",""),2,300)))
A7: E24-S8-1 | B7: 両面 | C7: 32 | D7: 1 | E7: =IF(C7="","",C7+D7-1) | F7: VxRail E560-4 | G7: H1809660 | H7: AdTech | I7: Server | J7: 9.5 | K7: 100 | L7: 2 | M7: 100V 20A （2） | N7: 3 | O7: 2 | V7: ○ | Y7: =COUNT(N7,Q7,T7) | Z7: =IF(OR(K7="",NOT(ISNUMBER(K7))),"",K7*SUM(N7,Q7,T7)) | AA7: =IF(OR(Y7=0,N7=""),"",N7/Y7) | AB7: =IF(OR(Y7=0,Q7=""),"",Q7/Y7) | AC7: =IF(OR(Y7=0,T7=""),"",T7/Y7) | AD7: =IF(F7="","",IF((IF(AND(Y7=0,NOT(SUMPRODUCT(--ISNUMBER(SEARCH({"棚板","棚","アングル","ｱﾝｸﾞﾙ","使用不可","ケーブル","ｹｰﾌﾞﾙ","PatchPnael","パッチ","引き出し","引出","ブランク","ﾌﾞﾗﾝｸ","マネージ","ﾏﾈｰｼﾞ","PDU","ONU"},$F7&"")))>0),NOT(SUMPRODUCT(--ISNUMBER(SEARCH({"電源オフ","未投入","停止","未使用","撤去"},$X7&"")))>0)),"／電力が未記入","")&IF(AND(NOT(ISNUMBER(J7)),NOT(SUMPRODUCT(--ISNUMBER(SEARCH({"棚板","棚","アングル","ｱﾝｸﾞﾙ","使用不可","ケーブル","ｹｰﾌﾞﾙ","PatchPnael","パッチ","引き出し","引出","ブランク","ﾌﾞﾗﾝｸ","マネージ","ﾏﾈｰｼﾞ","PDU","ONU"},$F7&"")))>0)),"／重量が未記入","")&IF(AND(K7<>"",NOT(ISNUMBER(K7))),"／電圧が数値でない","")&IF(AND(N7<>"",NOT(ISNUMBER(N7))),"／電流が数値でない","")&IF(AND(C7<>"",C7<1),"／開始Uが1未満","")&IF(AND(E7<>"",E7>IFERROR(VLOOKUP(A7,ラック定義!$A:$B,2,FALSE),47)),"／総Uをはみ出す","")&IF(AND(A7<>"",COUNTIF(ラック定義!$A:$A,A7)=0),"／ラックが定義にない","")&IF(AND(SUMPRODUCT((機器台帳!$A$2:$A$400=$A7)*((機器台帳!$B$2:$B$400=$B7)+(機器台帳!$B$2:$B$400="両面")+($B7="両面")>0)*(機器台帳!$C$2:$C$400<=$C7+$D7-1)*(機器台帳!$C$2:$C$400+機器台帳!$D$2:$D$400-1>=$C7)*(機器台帳!$F$2:$F$400<>""))-1>0,NOT(SUMPRODUCT(--ISNUMBER(SEARCH({"棚板","棚","アングル","ｱﾝｸﾞﾙ","使用不可","ケーブル","ｹｰﾌﾞﾙ","PatchPnael","パッチ","引き出し","引出","ブランク","ﾌﾞﾗﾝｸ","マネージ","ﾏﾈｰｼﾞ","PDU","ONU"},$F7&"")))>0)),"／同じUに他の機器(横並びなら正常)","")&IF(AND(M7<>"",COUNTIFS(回路定義!$A:$A,A7,回路定義!$B:$B,M7)=0),"／回路1が定義にない","")&IF(AND(P7<>"",COUNTIFS(回路定義!$A:$A,A7,回路定義!$B:$B,P7)=0),"／回路2が定義にない","")&IF(AND(S7<>"",COUNTIFS(回路定義!$A:$A,A7,回路定義!$B:$B,S7)=0),"／回路3が定義にない",""))="","",MID(IF(AND(Y7=0,NOT(SUMPRODUCT(--ISNUMBER(SEARCH({"棚板","棚","アングル","ｱﾝｸﾞﾙ","使用不可","ケーブル","ｹｰﾌﾞﾙ","PatchPnael","パッチ","引き出し","引出","ブランク","ﾌﾞﾗﾝｸ","マネージ","ﾏﾈｰｼﾞ","PDU","ONU"},$F7&"")))>0),NOT(SUMPRODUCT(--ISNUMBER(SEARCH({"電源オフ","未投入","停止","未使用","撤去"},$X7&"")))>0)),"／電力が未記入","")&IF(AND(NOT(ISNUMBER(J7)),NOT(SUMPRODUCT(--ISNUMBER(SEARCH({"棚板","棚","アングル","ｱﾝｸﾞﾙ","使用不可","ケーブル","ｹｰﾌﾞﾙ","PatchPnael","パッチ","引き出し","引出","ブランク","ﾌﾞﾗﾝｸ","マネージ","ﾏﾈｰｼﾞ","PDU","ONU"},$F7&"")))>0)),"／重量が未記入","")&IF(AND(K7<>"",NOT(ISNUMBER(K7))),"／電圧が数値でない","")&IF(AND(N7<>"",NOT(ISNUMBER(N7))),"／電流が数値でない","")&IF(AND(C7<>"",C7<1),"／開始Uが1未満","")&IF(AND(E7<>"",E7>IFERROR(VLOOKUP(A7,ラック定義!$A:$B,2,FALSE),47)),"／総Uをはみ出す","")&IF(AND(A7<>"",COUNTIF(ラック定義!$A:$A,A7)=0),"／ラックが定義にない","")&IF(AND(SUMPRODUCT((機器台帳!$A$2:$A$400=$A7)*((機器台帳!$B$2:$B$400=$B7)+(機器台帳!$B$2:$B$400="両面")+($B7="両面")>0)*(機器台帳!$C$2:$C$400<=$C7+$D7-1)*(機器台帳!$C$2:$C$400+機器台帳!$D$2:$D$400-1>=$C7)*(機器台帳!$F$2:$F$400<>""))-1>0,NOT(SUMPRODUCT(--ISNUMBER(SEARCH({"棚板","棚","アングル","ｱﾝｸﾞﾙ","使用不可","ケーブル","ｹｰﾌﾞﾙ","PatchPnael","パッチ","引き出し","引出","ブランク","ﾌﾞﾗﾝｸ","マネージ","ﾏﾈｰｼﾞ","PDU","ONU"},$F7&"")))>0)),"／同じUに他の機器(横並びなら正常)","")&IF(AND(M7<>"",COUNTIFS(回路定義!$A:$A,A7,回路定義!$B:$B,M7)=0),"／回路1が定義にない","")&IF(AND(P7<>"",COUNTIFS(回路定義!$A:$A,A7,回路定義!$B:$B,P7)=0),"／回路2が定義にない","")&IF(AND(S7<>"",COUNTIFS(回路定義!$A:$A,A7,回路定義!$B:$B,S7)=0),"／回路3が定義にない",""),2,300)))
A8: E24-S8-1 | B8: 両面 | C8: 31 | D8: 1 | E8: =IF(C8="","",C8+D8-1) | F8: VxRail E560-2 | G8: H1809661 | H8: AdTech | I8: Server | J8: 9.5 | K8: 100 | L8: 2 | M8: 100V 20A （2） | N8: 3 | O8: 2 | V8: ○ | Y8: =COUNT(N8,Q8,T8) | Z8: =IF(OR(K8="",NOT(ISNUMBER(K8))),"",K8*SUM(N8,Q8,T8)) | AA8: =IF(OR(Y8=0,N8=""),"",N8/Y8) | AB8: =IF(OR(Y8=0,Q8=""),"",Q8/Y8) | AC8: =IF(OR(Y8=0,T8=""),"",T8/Y8) | AD8: =IF(F8="","",IF((IF(AND(Y8=0,NOT(SUMPRODUCT(--ISNUMBER(SEARCH({"棚板","棚","アングル","ｱﾝｸﾞﾙ","使用不可","ケーブル","ｹｰﾌﾞﾙ","PatchPnael","パッチ","引き出し","引出","ブランク","ﾌﾞﾗﾝｸ","マネージ","ﾏﾈｰｼﾞ","PDU","ONU"},$F8&"")))>0),NOT(SUMPRODUCT(--ISNUMBER(SEARCH({"電源オフ","未投入","停止","未使用","撤去"},$X8&"")))>0)),"／電力が未記入","")&IF(AND(NOT(ISNUMBER(J8)),NOT(SUMPRODUCT(--ISNUMBER(SEARCH({"棚板","棚","アングル","ｱﾝｸﾞﾙ","使用不可","ケーブル","ｹｰﾌﾞﾙ","PatchPnael","パッチ","引き出し","引出","ブランク","ﾌﾞﾗﾝｸ","マネージ","ﾏﾈｰｼﾞ","PDU","ONU"},$F8&"")))>0)),"／重量が未記入","")&IF(AND(K8<>"",NOT(ISNUMBER(K8))),"／電圧が数値でない","")&IF(AND(N8<>"",NOT(ISNUMBER(N8))),"／電流が数値でない","")&IF(AND(C8<>"",C8<1),"／開始Uが1未満","")&IF(AND(E8<>"",E8>IFERROR(VLOOKUP(A8,ラック定義!$A:$B,2,FALSE),47)),"／総Uをはみ出す","")&IF(AND(A8<>"",COUNTIF(ラック定義!$A:$A,A8)=0),"／ラックが定義にない","")&IF(AND(SUMPRODUCT((機器台帳!$A$2:$A$400=$A8)*((機器台帳!$B$2:$B$400=$B8)+(機器台帳!$B$2:$B$400="両面")+($B8="両面")>0)*(機器台帳!$C$2:$C$400<=$C8+$D8-1)*(機器台帳!$C$2:$C$400+機器台帳!$D$2:$D$400-1>=$C8)*(機器台帳!$F$2:$F$400<>""))-1>0,NOT(SUMPRODUCT(--ISNUMBER(SEARCH({"棚板","棚","アングル","ｱﾝｸﾞﾙ","使用不可","ケーブル","ｹｰﾌﾞﾙ","PatchPnael","パッチ","引き出し","引出","ブランク","ﾌﾞﾗﾝｸ","マネージ","ﾏﾈｰｼﾞ","PDU","ONU"},$F8&"")))>0)),"／同じUに他の機器(横並びなら正常)","")&IF(AND(M8<>"",COUNTIFS(回路定義!$A:$A,A8,回路定義!$B:$B,M8)=0),"／回路1が定義にない","")&IF(AND(P8<>"",COUNTIFS(回路定義!$A:$A,A8,回路定義!$B:$B,P8)=0),"／回路2が定義にない","")&IF(AND(S8<>"",COUNTIFS(回路定義!$A:$A,A8,回路定義!$B:$B,S8)=0),"／回路3が定義にない",""))="","",MID(IF(AND(Y8=0,NOT(SUMPRODUCT(--ISNUMBER(SEARCH({"棚板","棚","アングル","ｱﾝｸﾞﾙ","使用不可","ケーブル","ｹｰﾌﾞﾙ","PatchPnael","パッチ","引き出し","引出","ブランク","ﾌﾞﾗﾝｸ","マネージ","ﾏﾈｰｼﾞ","PDU","ONU"},$F8&"")))>0),NOT(SUMPRODUCT(--ISNUMBER(SEARCH({"電源オフ","未投入","停止","未使用","撤去"},$X8&"")))>0)),"／電力が未記入","")&IF(AND(NOT(ISNUMBER(J8)),NOT(SUMPRODUCT(--ISNUMBER(SEARCH({"棚板","棚","アングル","ｱﾝｸﾞﾙ","使用不可","ケーブル","ｹｰﾌﾞﾙ","PatchPnael","パッチ","引き出し","引出","ブランク","ﾌﾞﾗﾝｸ","マネージ","ﾏﾈｰｼﾞ","PDU","ONU"},$F8&"")))>0)),"／重量が未記入","")&IF(AND(K8<>"",NOT(ISNUMBER(K8))),"／電圧が数値でない","")&IF(AND(N8<>"",NOT(ISNUMBER(N8))),"／電流が数値でない","")&IF(AND(C8<>"",C8<1),"／開始Uが1未満","")&IF(AND(E8<>"",E8>IFERROR(VLOOKUP(A8,ラック定義!$A:$B,2,FALSE),47)),"／総Uをはみ出す","")&IF(AND(A8<>"",COUNTIF(ラック定義!$A:$A,A8)=0),"／ラックが定義にない","")&IF(AND(SUMPRODUCT((機器台帳!$A$2:$A$400=$A8)*((機器台帳!$B$2:$B$400=$B8)+(機器台帳!$B$2:$B$400="両面")+($B8="両面")>0)*(機器台帳!$C$2:$C$400<=$C8+$D8-1)*(機器台帳!$C$2:$C$400+機器台帳!$D$2:$D$400-1>=$C8)*(機器台帳!$F$2:$F$400<>""))-1>0,NOT(SUMPRODUCT(--ISNUMBER(SEARCH({"棚板","棚","アングル","ｱﾝｸﾞﾙ","使用不可","ケーブル","ｹｰﾌﾞﾙ","PatchPnael","パッチ","引き出し","引出","ブランク","ﾌﾞﾗﾝｸ","マネージ","ﾏﾈｰｼﾞ","PDU","ONU"},$F8&"")))>0)),"／同じUに他の機器(横並びなら正常)","")&IF(AND(M8<>"",COUNTIFS(回路定義!$A:$A,A8,回路定義!$B:$B,M8)=0),"／回路1が定義にない","")&IF(AND(P8<>"",COUNTIFS(回路定義!$A:$A,A8,回路定義!$B:$B,P8)=0),"／回路2が定義にない","")&IF(AND(S8<>"",COUNTIFS(回路定義!$A:$A,A8,回路定義!$B:$B,S8)=0),"／回路3が定義にない",""),2,300)))
A9: E24-S8-1 | B9: 両面 | C9: 30 | D9: 1 | E9: =IF(C9="","",C9+D9-1) | F9: VxRail E560-3 | G9: H1809662 | H9: AdTech | I9: Server | J9: 9.5 | K9: 100 | L9: 2 | M9: 100V 20A （2） | N9: 3 | O9: 2 | V9: ○ | Y9: =COUNT(N9,Q9,T9) | Z9: =IF(OR(K9="",NOT(ISNUMBER(K9))),"",K9*SUM(N9,Q9,T9)) | AA9: =IF(OR(Y9=0,N9=""),"",N9/Y9) | AB9: =IF(OR(Y9=0,Q9=""),"",Q9/Y9) | AC9: =IF(OR(Y9=0,T9=""),"",T9/Y9) | AD9: =IF(F9="","",IF((IF(AND(Y9=0,NOT(SUMPRODUCT(--ISNUMBER(SEARCH({"棚板","棚","アングル","ｱﾝｸﾞﾙ","使用不可","ケーブル","ｹｰﾌﾞﾙ","PatchPnael","パッチ","引き出し","引出","ブランク","ﾌﾞﾗﾝｸ","マネージ","ﾏﾈｰｼﾞ","PDU","ONU"},$F9&"")))>0),NOT(SUMPRODUCT(--ISNUMBER(SEARCH({"電源オフ","未投入","停止","未使用","撤去"},$X9&"")))>0)),"／電力が未記入","")&IF(AND(NOT(ISNUMBER(J9)),NOT(SUMPRODUCT(--ISNUMBER(SEARCH({"棚板","棚","アングル","ｱﾝｸﾞﾙ","使用不可","ケーブル","ｹｰﾌﾞﾙ","PatchPnael","パッチ","引き出し","引出","ブランク","ﾌﾞﾗﾝｸ","マネージ","ﾏﾈｰｼﾞ","PDU","ONU"},$F9&"")))>0)),"／重量が未記入","")&IF(AND(K9<>"",NOT(ISNUMBER(K9))),"／電圧が数値でない","")&IF(AND(N9<>"",NOT(ISNUMBER(N9))),"／電流が数値でない","")&IF(AND(C9<>"",C9<1),"／開始Uが1未満","")&IF(AND(E9<>"",E9>IFERROR(VLOOKUP(A9,ラック定義!$A:$B,2,FALSE),47)),"／総Uをはみ出す","")&IF(AND(A9<>"",COUNTIF(ラック定義!$A:$A,A9)=0),"／ラックが定義にない","")&IF(AND(SUMPRODUCT((機器台帳!$A$2:$A$400=$A9)*((機器台帳!$B$2:$B$400=$B9)+(機器台帳!$B$2:$B$400="両面")+($B9="両面")>0)*(機器台帳!$C$2:$C$400<=$C9+$D9-1)*(機器台帳!$C$2:$C$400+機器台帳!$D$2:$D$400-1>=$C9)*(機器台帳!$F$2:$F$400<>""))-1>0,NOT(SUMPRODUCT(--ISNUMBER(SEARCH({"棚板","棚","アングル","ｱﾝｸﾞﾙ","使用不可","ケーブル","ｹｰﾌﾞﾙ","PatchPnael","パッチ","引き出し","引出","ブランク","ﾌﾞﾗﾝｸ","マネージ","ﾏﾈｰｼﾞ","PDU","ONU"},$F9&"")))>0)),"／同じUに他の機器(横並びなら正常)","")&IF(AND(M9<>"",COUNTIFS(回路定義!$A:$A,A9,回路定義!$B:$B,M9)=0),"／回路1が定義にない","")&IF(AND(P9<>"",COUNTIFS(回路定義!$A:$A,A9,回路定義!$B:$B,P9)=0),"／回路2が定義にない","")&IF(AND(S9<>"",COUNTIFS(回路定義!$A:$A,A9,回路定義!$B:$B,S9)=0),"／回路3が定義にない",""))="","",MID(IF(AND(Y9=0,NOT(SUMPRODUCT(--ISNUMBER(SEARCH({"棚板","棚","アングル","ｱﾝｸﾞﾙ","使用不可","ケーブル","ｹｰﾌﾞﾙ","PatchPnael","パッチ","引き出し","引出","ブランク","ﾌﾞﾗﾝｸ","マネージ","ﾏﾈｰｼﾞ","PDU","ONU"},$F9&"")))>0),NOT(SUMPRODUCT(--ISNUMBER(SEARCH({"電源オフ","未投入","停止","未使用","撤去"},$X9&"")))>0)),"／電力が未記入","")&IF(AND(NOT(ISNUMBER(J9)),NOT(SUMPRODUCT(--ISNUMBER(SEARCH({"棚板","棚","アングル","ｱﾝｸﾞﾙ","使用不可","ケーブル","ｹｰﾌﾞﾙ","PatchPnael","パッチ","引き出し","引出","ブランク","ﾌﾞﾗﾝｸ","マネージ","ﾏﾈｰｼﾞ","PDU","ONU"},$F9&"")))>0)),"／重量が未記入","")&IF(AND(K9<>"",NOT(ISNUMBER(K9))),"／電圧が数値でない","")&IF(AND(N9<>"",NOT(ISNUMBER(N9))),"／電流が数値でない","")&IF(AND(C9<>"",C9<1),"／開始Uが1未満","")&IF(AND(E9<>"",E9>IFERROR(VLOOKUP(A9,ラック定義!$A:$B,2,FALSE),47)),"／総Uをはみ出す","")&IF(AND(A9<>"",COUNTIF(ラック定義!$A:$A,A9)=0),"／ラックが定義にない","")&IF(AND(SUMPRODUCT((機器台帳!$A$2:$A$400=$A9)*((機器台帳!$B$2:$B$400=$B9)+(機器台帳!$B$2:$B$400="両面")+($B9="両面")>0)*(機器台帳!$C$2:$C$400<=$C9+$D9-1)*(機器台帳!$C$2:$C$400+機器台帳!$D$2:$D$400-1>=$C9)*(機器台帳!$F$2:$F$400<>""))-1>0,NOT(SUMPRODUCT(--ISNUMBER(SEARCH({"棚板","棚","アングル","ｱﾝｸﾞﾙ","使用不可","ケーブル","ｹｰﾌﾞﾙ","PatchPnael","パッチ","引き出し","引出","ブランク","ﾌﾞﾗﾝｸ","マネージ","ﾏﾈｰｼﾞ","PDU","ONU"},$F9&"")))>0)),"／同じUに他の機器(横並びなら正常)","")&IF(AND(M9<>"",COUNTIFS(回路定義!$A:$A,A9,回路定義!$B:$B,M9)=0),"／回路1が定義にない","")&IF(AND(P9<>"",COUNTIFS(回路定義!$A:$A,A9,回路定義!$B:$B,P9)=0),"／回路2が定義にない","")&IF(AND(S9<>"",COUNTIFS(回路定義!$A:$A,A9,回路定義!$B:$B,S9)=0),"／回路3が定義にない",""),2,300)))
A10: E24-S8-1 | B10: 両面 | C10: 16 | D10: 2 | E10: =IF(C10="","",C10+D10-1) | F10: PowerSTORE5000X | G10: H2005294 | I10: Storage | J10: 20 | K10: 200 | L10: 2 | M10: 200V 30A （1） | N10: 3 | O10: 2 | Y10: =COUNT(N10,Q10,T10) | Z10: =IF(OR(K10="",NOT(ISNUMBER(K10))),"",K10*SUM(N10,Q10,T10)) | AA10: =IF(OR(Y10=0,N10=""),"",N10/Y10) | AB10: =IF(OR(Y10=0,Q10=""),"",Q10/Y10) | AC10: =IF(OR(Y10=0,T10=""),"",T10/Y10) | AD10: =IF(F10="","",IF((IF(AND(Y10=0,NOT(SUMPRODUCT(--ISNUMBER(SEARCH({"棚板","棚","アングル","ｱﾝｸﾞﾙ","使用不可","ケーブル","ｹｰﾌﾞﾙ","PatchPnael","パッチ","引き出し","引出","ブランク","ﾌﾞﾗﾝｸ","マネージ","ﾏﾈｰｼﾞ","PDU","ONU"},$F10&"")))>0),NOT(SUMPRODUCT(--ISNUMBER(SEARCH({"電源オフ","未投入","停止","未使用","撤去"},$X10&"")))>0)),"／電力が未記入","")&IF(AND(NOT(ISNUMBER(J10)),NOT(SUMPRODUCT(--ISNUMBER(SEARCH({"棚板","棚","アングル","ｱﾝｸﾞﾙ","使用不可","ケーブル","ｹｰﾌﾞﾙ","PatchPnael","パッチ","引き出し","引出","ブランク","ﾌﾞﾗﾝｸ","マネージ","ﾏﾈｰｼﾞ","PDU","ONU"},$F10&"")))>0)),"／重量が未記入","")&IF(AND(K10<>"",NOT(ISNUMBER(K10))),"／電圧が数値でない","")&IF(AND(N10<>"",NOT(ISNUMBER(N10))),"／電流が数値でない","")&IF(AND(C10<>"",C10<1),"／開始Uが1未満","")&IF(AND(E10<>"",E10>IFERROR(VLOOKUP(A10,ラック定義!$A:$B,2,FALSE),47)),"／総Uをはみ出す","")&IF(AND(A10<>"",COUNTIF(ラック定義!$A:$A,A10)=0),"／ラックが定義にない","")&IF(AND(SUMPRODUCT((機器台帳!$A$2:$A$400=$A10)*((機器台帳!$B$2:$B$400=$B10)+(機器台帳!$B$2:$B$400="両面")+($B10="両面")>0)*(機器台帳!$C$2:$C$400<=$C10+$D10-1)*(機器台帳!$C$2:$C$400+機器台帳!$D$2:$D$400-1>=$C10)*(機器台帳!$F$2:$F$400<>""))-1>0,NOT(SUMPRODUCT(--ISNUMBER(SEARCH({"棚板","棚","アングル","ｱﾝｸﾞﾙ","使用不可","ケーブル","ｹｰﾌﾞﾙ","PatchPnael","パッチ","引き出し","引出","ブランク","ﾌﾞﾗﾝｸ","マネージ","ﾏﾈｰｼﾞ","PDU","ONU"},$F10&"")))>0)),"／同じUに他の機器(横並びなら正常)","")&IF(AND(M10<>"",COUNTIFS(回路定義!$A:$A,A10,回路定義!$B:$B,M10)=0),"／回路1が定義にない","")&IF(AND(P10<>"",COUNTIFS(回路定義!$A:$A,A10,回路定義!$B:$B,P10)=0),"／回路2が定義にない","")&IF(AND(S10<>"",COUNTIFS(回路定義!$A:$A,A10,回路定義!$B:$B,S10)=0),"／回路3が定義にない",""))="","",MID(IF(AND(Y10=0,NOT(SUMPRODUCT(--ISNUMBER(SEARCH({"棚板","棚","アングル","ｱﾝｸﾞﾙ","使用不可","ケーブル","ｹｰﾌﾞﾙ","PatchPnael","パッチ","引き出し","引出","ブランク","ﾌﾞﾗﾝｸ","マネージ","ﾏﾈｰｼﾞ","PDU","ONU"},$F10&"")))>0),NOT(SUMPRODUCT(--ISNUMBER(SEARCH({"電源オフ","未投入","停止","未使用","撤去"},$X10&"")))>0)),"／電力が未記入","")&IF(AND(NOT(ISNUMBER(J10)),NOT(SUMPRODUCT(--ISNUMBER(SEARCH({"棚板","棚","アングル","ｱﾝｸﾞﾙ","使用不可","ケーブル","ｹｰﾌﾞﾙ","PatchPnael","パッチ","引き出し","引出","ブランク","ﾌﾞﾗﾝｸ","マネージ","ﾏﾈｰｼﾞ","PDU","ONU"},$F10&"")))>0)),"／重量が未記入","")&IF(AND(K10<>"",NOT(ISNUMBER(K10))),"／電圧が数値でない","")&IF(AND(N10<>"",NOT(ISNUMBER(N10))),"／電流が数値でない","")&IF(AND(C10<>"",C10<1),"／開始Uが1未満","")&IF(AND(E10<>"",E10>IFERROR(VLOOKUP(A10,ラック定義!$A:$B,2,FALSE),47)),"／総Uをはみ出す","")&IF(AND(A10<>"",COUNTIF(ラック定義!$A:$A,A10)=0),"／ラックが定義にない","")&IF(AND(SUMPRODUCT((機器台帳!$A$2:$A$400=$A10)*((機器台帳!$B$2:$B$400=$B10)+(機器台帳!$B$2:$B$400="両面")+($B10="両面")>0)*(機器台帳!$C$2:$C$400<=$C10+$D10-1)*(機器台帳!$C$2:$C$400+機器台帳!$D$2:$D$400-1>=$C10)*(機器台帳!$F$2:$F$400<>""))-1>0,NOT(SUMPRODUCT(--ISNUMBER(SEARCH({"棚板","棚","アングル","ｱﾝｸﾞﾙ","使用不可","ケーブル","ｹｰﾌﾞﾙ","PatchPnael","パッチ","引き出し","引出","ブランク","ﾌﾞﾗﾝｸ","マネージ","ﾏﾈｰｼﾞ","PDU","ONU"},$F10&"")))>0)),"／同じUに他の機器(横並びなら正常)","")&IF(AND(M10<>"",COUNTIFS(回路定義!$A:$A,A10,回路定義!$B:$B,M10)=0),"／回路1が定義にない","")&IF(AND(P10<>"",COUNTIFS(回路定義!$A:$A,A10,回路定義!$B:$B,P10)=0),"／回路2が定義にない","")&IF(AND(S10<>"",COUNTIFS(回路定義!$A:$A,A10,回路定義!$B:$B,S10)=0),"／回路3が定義にない",""),2,300)))
A11: E24-S8-1 | B11: 両面 | C11: 13 | D11: 2 | E11: =IF(C11="","",C11+D11-1) | F11: Unity XT 480F | G11: H1908439 | I11: Storage | J11: 20 | K11: 100 | L11: 2 | M11: 100V 20A （1） | N11: 2 | O11: 1 | P11: 100V 20A （2） | Q11: 2 | R11: 1 | Y11: =COUNT(N11,Q11,T11) | Z11: =IF(OR(K11="",NOT(ISNUMBER(K11))),"",K11*SUM(N11,Q11,T11)) | AA11: =IF(OR(Y11=0,N11=""),"",N11/Y11) | AB11: =IF(OR(Y11=0,Q11=""),"",Q11/Y11) | AC11: =IF(OR(Y11=0,T11=""),"",T11/Y11) | AD11: =IF(F11="","",IF((IF(AND(Y11=0,NOT(SUMPRODUCT(--ISNUMBER(SEARCH({"棚板","棚","アングル","ｱﾝｸﾞﾙ","使用不可","ケーブル","ｹｰﾌﾞﾙ","PatchPnael","パッチ","引き出し","引出","ブランク","ﾌﾞﾗﾝｸ","マネージ","ﾏﾈｰｼﾞ","PDU","ONU"},$F11&"")))>0),NOT(SUMPRODUCT(--ISNUMBER(SEARCH({"電源オフ","未投入","停止","未使用","撤去"},$X11&"")))>0)),"／電力が未記入","")&IF(AND(NOT(ISNUMBER(J11)),NOT(SUMPRODUCT(--ISNUMBER(SEARCH({"棚板","棚","アングル","ｱﾝｸﾞﾙ","使用不可","ケーブル","ｹｰﾌﾞﾙ","PatchPnael","パッチ","引き出し","引出","ブランク","ﾌﾞﾗﾝｸ","マネージ","ﾏﾈｰｼﾞ","PDU","ONU"},$F11&"")))>0)),"／重量が未記入","")&IF(AND(K11<>"",NOT(ISNUMBER(K11))),"／電圧が数値でない","")&IF(AND(N11<>"",NOT(ISNUMBER(N11))),"／電流が数値でない","")&IF(AND(C11<>"",C11<1),"／開始Uが1未満","")&IF(AND(E11<>"",E11>IFERROR(VLOOKUP(A11,ラック定義!$A:$B,2,FALSE),47)),"／総Uをはみ出す","")&IF(AND(A11<>"",COUNTIF(ラック定義!$A:$A,A11)=0),"／ラックが定義にない","")&IF(AND(SUMPRODUCT((機器台帳!$A$2:$A$400=$A11)*((機器台帳!$B$2:$B$400=$B11)+(機器台帳!$B$2:$B$400="両面")+($B11="両面")>0)*(機器台帳!$C$2:$C$400<=$C11+$D11-1)*(機器台帳!$C$2:$C$400+機器台帳!$D$2:$D$400-1>=$C11)*(機器台帳!$F$2:$F$400<>""))-1>0,NOT(SUMPRODUCT(--ISNUMBER(SEARCH({"棚板","棚","アングル","ｱﾝｸﾞﾙ","使用不可","ケーブル","ｹｰﾌﾞﾙ","PatchPnael","パッチ","引き出し","引出","ブランク","ﾌﾞﾗﾝｸ","マネージ","ﾏﾈｰｼﾞ","PDU","ONU"},$F11&"")))>0)),"／同じUに他の機器(横並びなら正常)","")&IF(AND(M11<>"",COUNTIFS(回路定義!$A:$A,A11,回路定義!$B:$B,M11)=0),"／回路1が定義にない","")&IF(AND(P11<>"",COUNTIFS(回路定義!$A:$A,A11,回路定義!$B:$B,P11)=0),"／回路2が定義にない","")&IF(AND(S11<>"",COUNTIFS(回路定義!$A:$A,A11,回路定義!$B:$B,S11)=0),"／回路3が定義にない",""))="","",MID(IF(AND(Y11=0,NOT(SUMPRODUCT(--ISNUMBER(SEARCH({"棚板","棚","アングル","ｱﾝｸﾞﾙ","使用不可","ケーブル","ｹｰﾌﾞﾙ","PatchPnael","パッチ","引き出し","引出","ブランク","ﾌﾞﾗﾝｸ","マネージ","ﾏﾈｰｼﾞ","PDU","ONU"},$F11&"")))>0),NOT(SUMPRODUCT(--ISNUMBER(SEARCH({"電源オフ","未投入","停止","未使用","撤去"},$X11&"")))>0)),"／電力が未記入","")&IF(AND(NOT(ISNUMBER(J11)),NOT(SUMPRODUCT(--ISNUMBER(SEARCH({"棚板","棚","アングル","ｱﾝｸﾞﾙ","使用不可","ケーブル","ｹｰﾌﾞﾙ","PatchPnael","パッチ","引き出し","引出","ブランク","ﾌﾞﾗﾝｸ","マネージ","ﾏﾈｰｼﾞ","PDU","ONU"},$F11&"")))>0)),"／重量が未記入","")&IF(AND(K11<>"",NOT(ISNUMBER(K11))),"／電圧が数値でない","")&IF(AND(N11<>"",NOT(ISNUMBER(N11))),"／電流が数値でない","")&IF(AND(C11<>"",C11<1),"／開始Uが1未満","")&IF(AND(E11<>"",E11>IFERROR(VLOOKUP(A11,ラック定義!$A:$B,2,FALSE),47)),"／総Uをはみ出す","")&IF(AND(A11<>"",COUNTIF(ラック定義!$A:$A,A11)=0),"／ラックが定義にない","")&IF(AND(SUMPRODUCT((機器台帳!$A$2:$A$400=$A11)*((機器台帳!$B$2:$B$400=$B11)+(機器台帳!$B$2:$B$400="両面")+($B11="両面")>0)*(機器台帳!$C$2:$C$400<=$C11+$D11-1)*(機器台帳!$C$2:$C$400+機器台帳!$D$2:$D$400-1>=$C11)*(機器台帳!$F$2:$F$400<>""))-1>0,NOT(SUMPRODUCT(--ISNUMBER(SEARCH({"棚板","棚","アングル","ｱﾝｸﾞﾙ","使用不可","ケーブル","ｹｰﾌﾞﾙ","PatchPnael","パッチ","引き出し","引出","ブランク","ﾌﾞﾗﾝｸ","マネージ","ﾏﾈｰｼﾞ","PDU","ONU"},$F11&"")))>0)),"／同じUに他の機器(横並びなら正常)","")&IF(AND(M11<>"",COUNTIFS(回路定義!$A:$A,A11,回路定義!$B:$B,M11)=0),"／回路1が定義にない","")&IF(AND(P11<>"",COUNTIFS(回路定義!$A:$A,A11,回路定義!$B:$B,P11)=0),"／回路2が定義にない","")&IF(AND(S11<>"",COUNTIFS(回路定義!$A:$A,A11,回路定義!$B:$B,S11)=0),"／回路3が定義にない",""),2,300)))
A12: E24-S8-1 | B12: 両面 | C12: 11 | D12: 1 | E12: =IF(C12="","",C12+D12-1) | F12: Unity XT 480F | G12: H1911730 | I12: Storage | J12: 20 | K12: 200 | L12: 2 | M12: 200V 30A （1） | N12: 2 | O12: 2 | Y12: =COUNT(N12,Q12,T12) | Z12: =IF(OR(K12="",NOT(ISNUMBER(K12))),"",K12*SUM(N12,Q12,T12)) | AA12: =IF(OR(Y12=0,N12=""),"",N12/Y12) | AB12: =IF(OR(Y12=0,Q12=""),"",Q12/Y12) | AC12: =IF(OR(Y12=0,T12=""),"",T12/Y12) | AD12: =IF(F12="","",IF((IF(AND(Y12=0,NOT(SUMPRODUCT(--ISNUMBER(SEARCH({"棚板","棚","アングル","ｱﾝｸﾞﾙ","使用不可","ケーブル","ｹｰﾌﾞﾙ","PatchPnael","パッチ","引き出し","引出","ブランク","ﾌﾞﾗﾝｸ","マネージ","ﾏﾈｰｼﾞ","PDU","ONU"},$F12&"")))>0),NOT(SUMPRODUCT(--ISNUMBER(SEARCH({"電源オフ","未投入","停止","未使用","撤去"},$X12&"")))>0)),"／電力が未記入","")&IF(AND(NOT(ISNUMBER(J12)),NOT(SUMPRODUCT(--ISNUMBER(SEARCH({"棚板","棚","アングル","ｱﾝｸﾞﾙ","使用不可","ケーブル","ｹｰﾌﾞﾙ","PatchPnael","パッチ","引き出し","引出","ブランク","ﾌﾞﾗﾝｸ","マネージ","ﾏﾈｰｼﾞ","PDU","ONU"},$F12&"")))>0)),"／重量が未記入","")&IF(AND(K12<>"",NOT(ISNUMBER(K12))),"／電圧が数値でない","")&IF(AND(N12<>"",NOT(ISNUMBER(N12))),"／電流が数値でない","")&IF(AND(C12<>"",C12<1),"／開始Uが1未満","")&IF(AND(E12<>"",E12>IFERROR(VLOOKUP(A12,ラック定義!$A:$B,2,FALSE),47)),"／総Uをはみ出す","")&IF(AND(A12<>"",COUNTIF(ラック定義!$A:$A,A12)=0),"／ラックが定義にない","")&IF(AND(SUMPRODUCT((機器台帳!$A$2:$A$400=$A12)*((機器台帳!$B$2:$B$400=$B12)+(機器台帳!$B$2:$B$400="両面")+($B12="両面")>0)*(機器台帳!$C$2:$C$400<=$C12+$D12-1)*(機器台帳!$C$2:$C$400+機器台帳!$D$2:$D$400-1>=$C12)*(機器台帳!$F$2:$F$400<>""))-1>0,NOT(SUMPRODUCT(--ISNUMBER(SEARCH({"棚板","棚","アングル","ｱﾝｸﾞﾙ","使用不可","ケーブル","ｹｰﾌﾞﾙ","PatchPnael","パッチ","引き出し","引出","ブランク","ﾌﾞﾗﾝｸ","マネージ","ﾏﾈｰｼﾞ","PDU","ONU"},$F12&"")))>0)),"／同じUに他の機器(横並びなら正常)","")&IF(AND(M12<>"",COUNTIFS(回路定義!$A:$A,A12,回路定義!$B:$B,M12)=0),"／回路1が定義にない","")&IF(AND(P12<>"",COUNTIFS(回路定義!$A:$A,A12,回路定義!$B:$B,P12)=0),"／回路2が定義にない","")&IF(AND(S12<>"",COUNTIFS(回路定義!$A:$A,A12,回路定義!$B:$B,S12)=0),"／回路3が定義にない",""))="","",MID(IF(AND(Y12=0,NOT(SUMPRODUCT(--ISNUMBER(SEARCH({"棚板","棚","アングル","ｱﾝｸﾞﾙ","使用不可","ケーブル","ｹｰﾌﾞﾙ","PatchPnael","パッチ","引き出し","引出","ブランク","ﾌﾞﾗﾝｸ","マネージ","ﾏﾈｰｼﾞ","PDU","ONU"},$F12&"")))>0),NOT(SUMPRODUCT(--ISNUMBER(SEARCH({"電源オフ","未投入","停止","未使用","撤去"},$X12&"")))>0)),"／電力が未記入","")&IF(AND(NOT(ISNUMBER(J12)),NOT(SUMPRODUCT(--ISNUMBER(SEARCH({"棚板","棚","アングル","ｱﾝｸﾞﾙ","使用不可","ケーブル","ｹｰﾌﾞﾙ","PatchPnael","パッチ","引き出し","引出","ブランク","ﾌﾞﾗﾝｸ","マネージ","ﾏﾈｰｼﾞ","PDU","ONU"},$F12&"")))>0)),"／重量が未記入","")&IF(AND(K12<>"",NOT(ISNUMBER(K12))),"／電圧が数値でない","")&IF(AND(N12<>"",NOT(ISNUMBER(N12))),"／電流が数値でない","")&IF(AND(C12<>"",C12<1),"／開始Uが1未満","")&IF(AND(E12<>"",E12>IFERROR(VLOOKUP(A12,ラック定義!$A:$B,2,FALSE),47)),"／総Uをはみ出す","")&IF(AND(A12<>"",COUNTIF(ラック定義!$A:$A,A12)=0),"／ラックが定義にない","")&IF(AND(SUMPRODUCT((機器台帳!$A$2:$A$400=$A12)*((機器台帳!$B$2:$B$400=$B12)+(機器台帳!$B$2:$B$400="両面")+($B12="両面")>0)*(機器台帳!$C$2:$C$400<=$C12+$D12-1)*(機器台帳!$C$2:$C$400+機器台帳!$D$2:$D$400-1>=$C12)*(機器台帳!$F$2:$F$400<>""))-1>0,NOT(SUMPRODUCT(--ISNUMBER(SEARCH({"棚板","棚","アングル","ｱﾝｸﾞﾙ","使用不可","ケーブル","ｹｰﾌﾞﾙ","PatchPnael","パッチ","引き出し","引出","ブランク","ﾌﾞﾗﾝｸ","マネージ","ﾏﾈｰｼﾞ","PDU","ONU"},$F12&"")))>0)),"／同じUに他の機器(横並びなら正常)","")&IF(AND(M12<>"",COUNTIFS(回路定義!$A:$A,A12,回路定義!$B:$B,M12)=0),"／回路1が定義にない","")&IF(AND(P12<>"",COUNTIFS(回路定義!$A:$A,A12,回路定義!$B:$B,P12)=0),"／回路2が定義にない","")&IF(AND(S12<>"",COUNTIFS(回路定義!$A:$A,A12,回路定義!$B:$B,S12)=0),"／回路3が定義にない",""),2,300)))
A13: E24-S8-1 | B13: 両面 | C13: 4 | D13: 2 | E13: =IF(C13="","",C13+D13-1) | F13: 200V Rack PDU | G13: H1918632 | I13: PDU | J13: 10 | V13: 前留 | X13: L6-30R * 1回路×1口 | Y13: =COUNT(N13,Q13,T13) | Z13: =IF(OR(K13="",NOT(ISNUMBER(K13))),"",K13*SUM(N13,Q13,T13)) | AA13: =IF(OR(Y13=0,N13=""),"",N13/Y13) | AB13: =IF(OR(Y13=0,Q13=""),"",Q13/Y13) | AC13: =IF(OR(Y13=0,T13=""),"",T13/Y13) | AD13: =IF(F13="","",IF((IF(AND(Y13=0,NOT(SUMPRODUCT(--ISNUMBER(SEARCH({"棚板","棚","アングル","ｱﾝｸﾞﾙ","使用不可","ケーブル","ｹｰﾌﾞﾙ","PatchPnael","パッチ","引き出し","引出","ブランク","ﾌﾞﾗﾝｸ","マネージ","ﾏﾈｰｼﾞ","PDU","ONU"},$F13&"")))>0),NOT(SUMPRODUCT(--ISNUMBER(SEARCH({"電源オフ","未投入","停止","未使用","撤去"},$X13&"")))>0)),"／電力が未記入","")&IF(AND(NOT(ISNUMBER(J13)),NOT(SUMPRODUCT(--ISNUMBER(SEARCH({"棚板","棚","アングル","ｱﾝｸﾞﾙ","使用不可","ケーブル","ｹｰﾌﾞﾙ","PatchPnael","パッチ","引き出し","引出","ブランク","ﾌﾞﾗﾝｸ","マネージ","ﾏﾈｰｼﾞ","PDU","ONU"},$F13&"")))>0)),"／重量が未記入","")&IF(AND(K13<>"",NOT(ISNUMBER(K13))),"／電圧が数値でない","")&IF(AND(N13<>"",NOT(ISNUMBER(N13))),"／電流が数値でない","")&IF(AND(C13<>"",C13<1),"／開始Uが1未満","")&IF(AND(E13<>"",E13>IFERROR(VLOOKUP(A13,ラック定義!$A:$B,2,FALSE),47)),"／総Uをはみ出す","")&IF(AND(A13<>"",COUNTIF(ラック定義!$A:$A,A13)=0),"／ラックが定義にない","")&IF(AND(SUMPRODUCT((機器台帳!$A$2:$A$400=$A13)*((機器台帳!$B$2:$B$400=$B13)+(機器台帳!$B$2:$B$400="両面")+($B13="両面")>0)*(機器台帳!$C$2:$C$400<=$C13+$D13-1)*(機器台帳!$C$2:$C$400+機器台帳!$D$2:$D$400-1>=$C13)*(機器台帳!$F$2:$F$400<>""))-1>0,NOT(SUMPRODUCT(--ISNUMBER(SEARCH({"棚板","棚","アングル","ｱﾝｸﾞﾙ","使用不可","ケーブル","ｹｰﾌﾞﾙ","PatchPnael","パッチ","引き出し","引出","ブランク","ﾌﾞﾗﾝｸ","マネージ","ﾏﾈｰｼﾞ","PDU","ONU"},$F13&"")))>0)),"／同じUに他の機器(横並びなら正常)","")&IF(AND(M13<>"",COUNTIFS(回路定義!$A:$A,A13,回路定義!$B:$B,M13)=0),"／回路1が定義にない","")&IF(AND(P13<>"",COUNTIFS(回路定義!$A:$A,A13,回路定義!$B:$B,P13)=0),"／回路2が定義にない","")&IF(AND(S13<>"",COUNTIFS(回路定義!$A:$A,A13,回路定義!$B:$B,S13)=0),"／回路3が定義にない",""))="","",MID(IF(AND(Y13=0,NOT(SUMPRODUCT(--ISNUMBER(SEARCH({"棚板","棚","アングル","ｱﾝｸﾞﾙ","使用不可","ケーブル","ｹｰﾌﾞﾙ","PatchPnael","パッチ","引き出し","引出","ブランク","ﾌﾞﾗﾝｸ","マネージ","ﾏﾈｰｼﾞ","PDU","ONU"},$F13&"")))>0),NOT(SUMPRODUCT(--ISNUMBER(SEARCH({"電源オフ","未投入","停止","未使用","撤去"},$X13&"")))>0)),"／電力が未記入","")&IF(AND(NOT(ISNUMBER(J13)),NOT(SUMPRODUCT(--ISNUMBER(SEARCH({"棚板","棚","アングル","ｱﾝｸﾞﾙ","使用不可","ケーブル","ｹｰﾌﾞﾙ","PatchPnael","パッチ","引き出し","引出","ブランク","ﾌﾞﾗﾝｸ","マネージ","ﾏﾈｰｼﾞ","PDU","ONU"},$F13&"")))>0)),"／重量が未記入","")&IF(AND(K13<>"",NOT(ISNUMBER(K13))),"／電圧が数値でない","")&IF(AND(N13<>"",NOT(ISNUMBER(N13))),"／電流が数値でない","")&IF(AND(C13<>"",C13<1),"／開始Uが1未満","")&IF(AND(E13<>"",E13>IFERROR(VLOOKUP(A13,ラック定義!$A:$B,2,FALSE),47)),"／総Uをはみ出す","")&IF(AND(A13<>"",COUNTIF(ラック定義!$A:$A,A13)=0),"／ラックが定義にない","")&IF(AND(SUMPRODUCT((機器台帳!$A$2:$A$400=$A13)*((機器台帳!$B$2:$B$400=$B13)+(機器台帳!$B$2:$B$400="両面")+($B13="両面")>0)*(機器台帳!$C$2:$C$400<=$C13+$D13-1)*(機器台帳!$C$2:$C$400+機器台帳!$D$2:$D$400-1>=$C13)*(機器台帳!$F$2:$F$400<>""))-1>0,NOT(SUMPRODUCT(--ISNUMBER(SEARCH({"棚板","棚","アングル","ｱﾝｸﾞﾙ","使用不可","ケーブル","ｹｰﾌﾞﾙ","PatchPnael","パッチ","引き出し","引出","ブランク","ﾌﾞﾗﾝｸ","マネージ","ﾏﾈｰｼﾞ","PDU","ONU"},$F13&"")))>0)),"／同じUに他の機器(横並びなら正常)","")&IF(AND(M13<>"",COUNTIFS(回路定義!$A:$A,A13,回路定義!$B:$B,M13)=0),"／回路1が定義にない","")&IF(AND(P13<>"",COUNTIFS(回路定義!$A:$A,A13,回路定義!$B:$B,P13)=0),"／回路2が定義にない","")&IF(AND(S13<>"",COUNTIFS(回路定義!$A:$A,A13,回路定義!$B:$B,S13)=0),"／回路3が定義にない",""),2,300)))
A14: E24-S8-1 | B14: 両面 | C14: 1 | D14: 3 | E14: =IF(C14="","",C14+D14-1) | F14: 使用不可 | Y14: =COUNT(N14,Q14,T14) | Z14: =IF(OR(K14="",NOT(ISNUMBER(K14))),"",K14*SUM(N14,Q14,T14)) | AA14: =IF(OR(Y14=0,N14=""),"",N14/Y14) | AB14: =IF(OR(Y14=0,Q14=""),"",Q14/Y14) | AC14: =IF(OR(Y14=0,T14=""),"",T14/Y14) | AD14: =IF(F14="","",IF((IF(AND(Y14=0,NOT(SUMPRODUCT(--ISNUMBER(SEARCH({"棚板","棚","アングル","ｱﾝｸﾞﾙ","使用不可","ケーブル","ｹｰﾌﾞﾙ","PatchPnael","パッチ","引き出し","引出","ブランク","ﾌﾞﾗﾝｸ","マネージ","ﾏﾈｰｼﾞ","PDU","ONU"},$F14&"")))>0),NOT(SUMPRODUCT(--ISNUMBER(SEARCH({"電源オフ","未投入","停止","未使用","撤去"},$X14&"")))>0)),"／電力が未記入","")&IF(AND(NOT(ISNUMBER(J14)),NOT(SUMPRODUCT(--ISNUMBER(SEARCH({"棚板","棚","アングル","ｱﾝｸﾞﾙ","使用不可","ケーブル","ｹｰﾌﾞﾙ","PatchPnael","パッチ","引き出し","引出","ブランク","ﾌﾞﾗﾝｸ","マネージ","ﾏﾈｰｼﾞ","PDU","ONU"},$F14&"")))>0)),"／重量が未記入","")&IF(AND(K14<>"",NOT(ISNUMBER(K14))),"／電圧が数値でない","")&IF(AND(N14<>"",NOT(ISNUMBER(N14))),"／電流が数値でない","")&IF(AND(C14<>"",C14<1),"／開始Uが1未満","")&IF(AND(E14<>"",E14>IFERROR(VLOOKUP(A14,ラック定義!$A:$B,2,FALSE),47)),"／総Uをはみ出す","")&IF(AND(A14<>"",COUNTIF(ラック定義!$A:$A,A14)=0),"／ラックが定義にない","")&IF(AND(SUMPRODUCT((機器台帳!$A$2:$A$400=$A14)*((機器台帳!$B$2:$B$400=$B14)+(機器台帳!$B$2:$B$400="両面")+($B14="両面")>0)*(機器台帳!$C$2:$C$400<=$C14+$D14-1)*(機器台帳!$C$2:$C$400+機器台帳!$D$2:$D$400-1>=$C14)*(機器台帳!$F$2:$F$400<>""))-1>0,NOT(SUMPRODUCT(--ISNUMBER(SEARCH({"棚板","棚","アングル","ｱﾝｸﾞﾙ","使用不可","ケーブル","ｹｰﾌﾞﾙ","PatchPnael","パッチ","引き出し","引出","ブランク","ﾌﾞﾗﾝｸ","マネージ","ﾏﾈｰｼﾞ","PDU","ONU"},$F14&"")))>0)),"／同じUに他の機器(横並びなら正常)","")&IF(AND(M14<>"",COUNTIFS(回路定義!$A:$A,A14,回路定義!$B:$B,M14)=0),"／回路1が定義にない","")&IF(AND(P14<>"",COUNTIFS(回路定義!$A:$A,A14,回路定義!$B:$B,P14)=0),"／回路2が定義にない","")&IF(AND(S14<>"",COUNTIFS(回路定義!$A:$A,A14,回路定義!$B:$B,S14)=0),"／回路3が定義にない",""))="","",MID(IF(AND(Y14=0,NOT(SUMPRODUCT(--ISNUMBER(SEARCH({"棚板","棚","アングル","ｱﾝｸﾞﾙ","使用不可","ケーブル","ｹｰﾌﾞﾙ","PatchPnael","パッチ","引き出し","引出","ブランク","ﾌﾞﾗﾝｸ","マネージ","ﾏﾈｰｼﾞ","PDU","ONU"},$F14&"")))>0),NOT(SUMPRODUCT(--ISNUMBER(SEARCH({"電源オフ","未投入","停止","未使用","撤去"},$X14&"")))>0)),"／電力が未記入","")&IF(AND(NOT(ISNUMBER(J14)),NOT(SUMPRODUCT(--ISNUMBER(SEARCH({"棚板","棚","アングル","ｱﾝｸﾞﾙ","使用不可","ケーブル","ｹｰﾌﾞﾙ","PatchPnael","パッチ","引き出し","引出","ブランク","ﾌﾞﾗﾝｸ","マネージ","ﾏﾈｰｼﾞ","PDU","ONU"},$F14&"")))>0)),"／重量が未記入","")&IF(AND(K14<>"",NOT(ISNUMBER(K14))),"／電圧が数値でない","")&IF(AND(N14<>"",NOT(ISNUMBER(N14))),"／電流が数値でない","")&IF(AND(C14<>"",C14<1),"／開始Uが1未満","")&IF(AND(E14<>"",E14>IFERROR(VLOOKUP(A14,ラック定義!$A:$B,2,FALSE),47)),"／総Uをはみ出す","")&IF(AND(A14<>"",COUNTIF(ラック定義!$A:$A,A14)=0),"／ラックが定義にない","")&IF(AND(SUMPRODUCT((機器台帳!$A$2:$A$400=$A14)*((機器台帳!$B$2:$B$400=$B14)+(機器台帳!$B$2:$B$400="両面")+($B14="両面")>0)*(機器台帳!$C$2:$C$400<=$C14+$D14-1)*(機器台帳!$C$2:$C$400+機器台帳!$D$2:$D$400-1>=$C14)*(機器台帳!$F$2:$F$400<>""))-1>0,NOT(SUMPRODUCT(--ISNUMBER(SEARCH({"棚板","棚","アングル","ｱﾝｸﾞﾙ","使用不可","ケーブル","ｹｰﾌﾞﾙ","PatchPnael","パッチ","引き出し","引出","ブランク","ﾌﾞﾗﾝｸ","マネージ","ﾏﾈｰｼﾞ","PDU","ONU"},$F14&"")))>0)),"／同じUに他の機器(横並びなら正常)","")&IF(AND(M14<>"",COUNTIFS(回路定義!$A:$A,A14,回路定義!$B:$B,M14)=0),"／回路1が定義にない","")&IF(AND(P14<>"",COUNTIFS(回路定義!$A:$A,A14,回路定義!$B:$B,P14)=0),"／回路2が定義にない","")&IF(AND(S14<>"",COUNTIFS(回路定義!$A:$A,A14,回路定義!$B:$B,S14)=0),"／回路3が定義にない",""),2,300)))
A15: E24-S8-1 | B15: 背面 | C15: 47 | D15: 1 | E15: =IF(C15="","",C15+D15-1) | F15: ｹｰﾌﾞﾙﾏﾈｰｼﾞﾒﾝﾄ（背面） | Y15: =COUNT(N15,Q15,T15) | Z15: =IF(OR(K15="",NOT(ISNUMBER(K15))),"",K15*SUM(N15,Q15,T15)) | AA15: =IF(OR(Y15=0,N15=""),"",N15/Y15) | AB15: =IF(OR(Y15=0,Q15=""),"",Q15/Y15) | AC15: =IF(OR(Y15=0,T15=""),"",T15/Y15) | AD15: =IF(F15="","",IF((IF(AND(Y15=0,NOT(SUMPRODUCT(--ISNUMBER(SEARCH({"棚板","棚","アングル","ｱﾝｸﾞﾙ","使用不可","ケーブル","ｹｰﾌﾞﾙ","PatchPnael","パッチ","引き出し","引出","ブランク","ﾌﾞﾗﾝｸ","マネージ","ﾏﾈｰｼﾞ","PDU","ONU"},$F15&"")))>0),NOT(SUMPRODUCT(--ISNUMBER(SEARCH({"電源オフ","未投入","停止","未使用","撤去"},$X15&"")))>0)),"／電力が未記入","")&IF(AND(NOT(ISNUMBER(J15)),NOT(SUMPRODUCT(--ISNUMBER(SEARCH({"棚板","棚","アングル","ｱﾝｸﾞﾙ","使用不可","ケーブル","ｹｰﾌﾞﾙ","PatchPnael","パッチ","引き出し","引出","ブランク","ﾌﾞﾗﾝｸ","マネージ","ﾏﾈｰｼﾞ","PDU","ONU"},$F15&"")))>0)),"／重量が未記入","")&IF(AND(K15<>"",NOT(ISNUMBER(K15))),"／電圧が数値でない","")&IF(AND(N15<>"",NOT(ISNUMBER(N15))),"／電流が数値でない","")&IF(AND(C15<>"",C15<1),"／開始Uが1未満","")&IF(AND(E15<>"",E15>IFERROR(VLOOKUP(A15,ラック定義!$A:$B,2,FALSE),47)),"／総Uをはみ出す","")&IF(AND(A15<>"",COUNTIF(ラック定義!$A:$A,A15)=0),"／ラックが定義にない","")&IF(AND(SUMPRODUCT((機器台帳!$A$2:$A$400=$A15)*((機器台帳!$B$2:$B$400=$B15)+(機器台帳!$B$2:$B$400="両面")+($B15="両面")>0)*(機器台帳!$C$2:$C$400<=$C15+$D15-1)*(機器台帳!$C$2:$C$400+機器台帳!$D$2:$D$400-1>=$C15)*(機器台帳!$F$2:$F$400<>""))-1>0,NOT(SUMPRODUCT(--ISNUMBER(SEARCH({"棚板","棚","アングル","ｱﾝｸﾞﾙ","使用不可","ケーブル","ｹｰﾌﾞﾙ","PatchPnael","パッチ","引き出し","引出","ブランク","ﾌﾞﾗﾝｸ","マネージ","ﾏﾈｰｼﾞ","PDU","ONU"},$F15&"")))>0)),"／同じUに他の機器(横並びなら正常)","")&IF(AND(M15<>"",COUNTIFS(回路定義!$A:$A,A15,回路定義!$B:$B,M15)=0),"／回路1が定義にない","")&IF(AND(P15<>"",COUNTIFS(回路定義!$A:$A,A15,回路定義!$B:$B,P15)=0),"／回路2が定義にない","")&IF(AND(S15<>"",COUNTIFS(回路定義!$A:$A,A15,回路定義!$B:$B,S15)=0),"／回路3が定義にない",""))="","",MID(IF(AND(Y15=0,NOT(SUMPRODUCT(--ISNUMBER(SEARCH({"棚板","棚","アングル","ｱﾝｸﾞﾙ","使用不可","ケーブル","ｹｰﾌﾞﾙ","PatchPnael","パッチ","引き出し","引出","ブランク","ﾌﾞﾗﾝｸ","マネージ","ﾏﾈｰｼﾞ","PDU","ONU"},$F15&"")))>0),NOT(SUMPRODUCT(--ISNUMBER(SEARCH({"電源オフ","未投入","停止","未使用","撤去"},$X15&"")))>0)),"／電力が未記入","")&IF(AND(NOT(ISNUMBER(J15)),NOT(SUMPRODUCT(--ISNUMBER(SEARCH({"棚板","棚","アングル","ｱﾝｸﾞﾙ","使用不可","ケーブル","ｹｰﾌﾞﾙ","PatchPnael","パッチ","引き出し","引出","ブランク","ﾌﾞﾗﾝｸ","マネージ","ﾏﾈｰｼﾞ","PDU","ONU"},$F15&"")))>0)),"／重量が未記入","")&IF(AND(K15<>"",NOT(ISNUMBER(K15))),"／電圧が数値でない","")&IF(AND(N15<>"",NOT(ISNUMBER(N15))),"／電流が数値でない","")&IF(AND(C15<>"",C15<1),"／開始Uが1未満","")&IF(AND(E15<>"",E15>IFERROR(VLOOKUP(A15,ラック定義!$A:$B,2,FALSE),47)),"／総Uをはみ出す","")&IF(AND(A15<>"",COUNTIF(ラック定義!$A:$A,A15)=0),"／ラックが定義にない","")&IF(AND(SUMPRODUCT((機器台帳!$A$2:$A$400=$A15)*((機器台帳!$B$2:$B$400=$B15)+(機器台帳!$B$2:$B$400="両面")+($B15="両面")>0)*(機器台帳!$C$2:$C$400<=$C15+$D15-1)*(機器台帳!$C$2:$C$400+機器台帳!$D$2:$D$400-1>=$C15)*(機器台帳!$F$2:$F$400<>""))-1>0,NOT(SUMPRODUCT(--ISNUMBER(SEARCH({"棚板","棚","アングル","ｱﾝｸﾞﾙ","使用不可","ケーブル","ｹｰﾌﾞﾙ","PatchPnael","パッチ","引き出し","引出","ブランク","ﾌﾞﾗﾝｸ","マネージ","ﾏﾈｰｼﾞ","PDU","ONU"},$F15&"")))>0)),"／同じUに他の機器(横並びなら正常)","")&IF(AND(M15<>"",COUNTIFS(回路定義!$A:$A,A15,回路定義!$B:$B,M15)=0),"／回路1が定義にない","")&IF(AND(P15<>"",COUNTIFS(回路定義!$A:$A,A15,回路定義!$B:$B,P15)=0),"／回路2が定義にない","")&IF(AND(S15<>"",COUNTIFS(回路定義!$A:$A,A15,回路定義!$B:$B,S15)=0),"／回路3が定義にない",""),2,300)))
A16: E24-S8-1 | B16: 前面 | C16: 46 | D16: 1 | E16: =IF(C16="","",C16+D16-1) | F16: UTP 12port PatchPnael(前面) | Y16: =COUNT(N16,Q16,T16) | Z16: =IF(OR(K16="",NOT(ISNUMBER(K16))),"",K16*SUM(N16,Q16,T16)) | AA16: =IF(OR(Y16=0,N16=""),"",N16/Y16) | AB16: =IF(OR(Y16=0,Q16=""),"",Q16/Y16) | AC16: =IF(OR(Y16=0,T16=""),"",T16/Y16) | AD16: =IF(F16="","",IF((IF(AND(Y16=0,NOT(SUMPRODUCT(--ISNUMBER(SEARCH({"棚板","棚","アングル","ｱﾝｸﾞﾙ","使用不可","ケーブル","ｹｰﾌﾞﾙ","PatchPnael","パッチ","引き出し","引出","ブランク","ﾌﾞﾗﾝｸ","マネージ","ﾏﾈｰｼﾞ","PDU","ONU"},$F16&"")))>0),NOT(SUMPRODUCT(--ISNUMBER(SEARCH({"電源オフ","未投入","停止","未使用","撤去"},$X16&"")))>0)),"／電力が未記入","")&IF(AND(NOT(ISNUMBER(J16)),NOT(SUMPRODUCT(--ISNUMBER(SEARCH({"棚板","棚","アングル","ｱﾝｸﾞﾙ","使用不可","ケーブル","ｹｰﾌﾞﾙ","PatchPnael","パッチ","引き出し","引出","ブランク","ﾌﾞﾗﾝｸ","マネージ","ﾏﾈｰｼﾞ","PDU","ONU"},$F16&"")))>0)),"／重量が未記入","")&IF(AND(K16<>"",NOT(ISNUMBER(K16))),"／電圧が数値でない","")&IF(AND(N16<>"",NOT(ISNUMBER(N16))),"／電流が数値でない","")&IF(AND(C16<>"",C16<1),"／開始Uが1未満","")&IF(AND(E16<>"",E16>IFERROR(VLOOKUP(A16,ラック定義!$A:$B,2,FALSE),47)),"／総Uをはみ出す","")&IF(AND(A16<>"",COUNTIF(ラック定義!$A:$A,A16)=0),"／ラックが定義にない","")&IF(AND(SUMPRODUCT((機器台帳!$A$2:$A$400=$A16)*((機器台帳!$B$2:$B$400=$B16)+(機器台帳!$B$2:$B$400="両面")+($B16="両面")>0)*(機器台帳!$C$2:$C$400<=$C16+$D16-1)*(機器台帳!$C$2:$C$400+機器台帳!$D$2:$D$400-1>=$C16)*(機器台帳!$F$2:$F$400<>""))-1>0,NOT(SUMPRODUCT(--ISNUMBER(SEARCH({"棚板","棚","アングル","ｱﾝｸﾞﾙ","使用不可","ケーブル","ｹｰﾌﾞﾙ","PatchPnael","パッチ","引き出し","引出","ブランク","ﾌﾞﾗﾝｸ","マネージ","ﾏﾈｰｼﾞ","PDU","ONU"},$F16&"")))>0)),"／同じUに他の機器(横並びなら正常)","")&IF(AND(M16<>"",COUNTIFS(回路定義!$A:$A,A16,回路定義!$B:$B,M16)=0),"／回路1が定義にない","")&IF(AND(P16<>"",COUNTIFS(回路定義!$A:$A,A16,回路定義!$B:$B,P16)=0),"／回路2が定義にない","")&IF(AND(S16<>"",COUNTIFS(回路定義!$A:$A,A16,回路定義!$B:$B,S16)=0),"／回路3が定義にない",""))="","",MID(IF(AND(Y16=0,NOT(SUMPRODUCT(--ISNUMBER(SEARCH({"棚板","棚","アングル","ｱﾝｸﾞﾙ","使用不可","ケーブル","ｹｰﾌﾞﾙ","PatchPnael","パッチ","引き出し","引出","ブランク","ﾌﾞﾗﾝｸ","マネージ","ﾏﾈｰｼﾞ","PDU","ONU"},$F16&"")))>0),NOT(SUMPRODUCT(--ISNUMBER(SEARCH({"電源オフ","未投入","停止","未使用","撤去"},$X16&"")))>0)),"／電力が未記入","")&IF(AND(NOT(ISNUMBER(J16)),NOT(SUMPRODUCT(--ISNUMBER(SEARCH({"棚板","棚","アングル","ｱﾝｸﾞﾙ","使用不可","ケーブル","ｹｰﾌﾞﾙ","PatchPnael","パッチ","引き出し","引出","ブランク","ﾌﾞﾗﾝｸ","マネージ","ﾏﾈｰｼﾞ","PDU","ONU"},$F16&"")))>0)),"／重量が未記入","")&IF(AND(K16<>"",NOT(ISNUMBER(K16))),"／電圧が数値でない","")&IF(AND(N16<>"",NOT(ISNUMBER(N16))),"／電流が数値でない","")&IF(AND(C16<>"",C16<1),"／開始Uが1未満","")&IF(AND(E16<>"",E16>IFERROR(VLOOKUP(A16,ラック定義!$A:$B,2,FALSE),47)),"／総Uをはみ出す","")&IF(AND(A16<>"",COUNTIF(ラック定義!$A:$A,A16)=0),"／ラックが定義にない","")&IF(AND(SUMPRODUCT((機器台帳!$A$2:$A$400=$A16)*((機器台帳!$B$2:$B$400=$B16)+(機器台帳!$B$2:$B$400="両面")+($B16="両面")>0)*(機器台帳!$C$2:$C$400<=$C16+$D16-1)*(機器台帳!$C$2:$C$400+機器台帳!$D$2:$D$400-1>=$C16)*(機器台帳!$F$2:$F$400<>""))-1>0,NOT(SUMPRODUCT(--ISNUMBER(SEARCH({"棚板","棚","アングル","ｱﾝｸﾞﾙ","使用不可","ケーブル","ｹｰﾌﾞﾙ","PatchPnael","パッチ","引き出し","引出","ブランク","ﾌﾞﾗﾝｸ","マネージ","ﾏﾈｰｼﾞ","PDU","ONU"},$F16&"")))>0)),"／同じUに他の機器(横並びなら正常)","")&IF(AND(M16<>"",COUNTIFS(回路定義!$A:$A,A16,回路定義!$B:$B,M16)=0),"／回路1が定義にない","")&IF(AND(P16<>"",COUNTIFS(回路定義!$A:$A,A16,回路定義!$B:$B,P16)=0),"／回路2が定義にない","")&IF(AND(S16<>"",COUNTIFS(回路定義!$A:$A,A16,回路定義!$B:$B,S16)=0),"／回路3が定義にない",""),2,300)))
A17: E24-S8-1 | B17: 背面 | C17: 46 | D17: 1 | E17: =IF(C17="","",C17+D17-1) | F17: UTP 12port PatchPnael(背面) | Y17: =COUNT(N17,Q17,T17) | Z17: =IF(OR(K17="",NOT(ISNUMBER(K17))),"",K17*SUM(N17,Q17,T17)) | AA17: =IF(OR(Y17=0,N17=""),"",N17/Y17) | AB17: =IF(OR(Y17=0,Q17=""),"",Q17/Y17) | AC17: =IF(OR(Y17=0,T17=""),"",T17/Y17) | AD17: =IF(F17="","",IF((IF(AND(Y17=0,NOT(SUMPRODUCT(--ISNUMBER(SEARCH({"棚板","棚","アングル","ｱﾝｸﾞﾙ","使用不可","ケーブル","ｹｰﾌﾞﾙ","PatchPnael","パッチ","引き出し","引出","ブランク","ﾌﾞﾗﾝｸ","マネージ","ﾏﾈｰｼﾞ","PDU","ONU"},$F17&"")))>0),NOT(SUMPRODUCT(--ISNUMBER(SEARCH({"電源オフ","未投入","停止","未使用","撤去"},$X17&"")))>0)),"／電力が未記入","")&IF(AND(NOT(ISNUMBER(J17)),NOT(SUMPRODUCT(--ISNUMBER(SEARCH({"棚板","棚","アングル","ｱﾝｸﾞﾙ","使用不可","ケーブル","ｹｰﾌﾞﾙ","PatchPnael","パッチ","引き出し","引出","ブランク","ﾌﾞﾗﾝｸ","マネージ","ﾏﾈｰｼﾞ","PDU","ONU"},$F17&"")))>0)),"／重量が未記入","")&IF(AND(K17<>"",NOT(ISNUMBER(K17))),"／電圧が数値でない","")&IF(AND(N17<>"",NOT(ISNUMBER(N17))),"／電流が数値でない","")&IF(AND(C17<>"",C17<1),"／開始Uが1未満","")&IF(AND(E17<>"",E17>IFERROR(VLOOKUP(A17,ラック定義!$A:$B,2,FALSE),47)),"／総Uをはみ出す","")&IF(AND(A17<>"",COUNTIF(ラック定義!$A:$A,A17)=0),"／ラックが定義にない","")&IF(AND(SUMPRODUCT((機器台帳!$A$2:$A$400=$A17)*((機器台帳!$B$2:$B$400=$B17)+(機器台帳!$B$2:$B$400="両面")+($B17="両面")>0)*(機器台帳!$C$2:$C$400<=$C17+$D17-1)*(機器台帳!$C$2:$C$400+機器台帳!$D$2:$D$400-1>=$C17)*(機器台帳!$F$2:$F$400<>""))-1>0,NOT(SUMPRODUCT(--ISNUMBER(SEARCH({"棚板","棚","アングル","ｱﾝｸﾞﾙ","使用不可","ケーブル","ｹｰﾌﾞﾙ","PatchPnael","パッチ","引き出し","引出","ブランク","ﾌﾞﾗﾝｸ","マネージ","ﾏﾈｰｼﾞ","PDU","ONU"},$F17&"")))>0)),"／同じUに他の機器(横並びなら正常)","")&IF(AND(M17<>"",COUNTIFS(回路定義!$A:$A,A17,回路定義!$B:$B,M17)=0),"／回路1が定義にない","")&IF(AND(P17<>"",COUNTIFS(回路定義!$A:$A,A17,回路定義!$B:$B,P17)=0),"／回路2が定義にない","")&IF(AND(S17<>"",COUNTIFS(回路定義!$A:$A,A17,回路定義!$B:$B,S17)=0),"／回路3が定義にない",""))="","",MID(IF(AND(Y17=0,NOT(SUMPRODUCT(--ISNUMBER(SEARCH({"棚板","棚","アングル","ｱﾝｸﾞﾙ","使用不可","ケーブル","ｹｰﾌﾞﾙ","PatchPnael","パッチ","引き出し","引出","ブランク","ﾌﾞﾗﾝｸ","マネージ","ﾏﾈｰｼﾞ","PDU","ONU"},$F17&"")))>0),NOT(SUMPRODUCT(--ISNUMBER(SEARCH({"電源オフ","未投入","停止","未使用","撤去"},$X17&"")))>0)),"／電力が未記入","")&IF(AND(NOT(ISNUMBER(J17)),NOT(SUMPRODUCT(--ISNUMBER(SEARCH({"棚板","棚","アングル","ｱﾝｸﾞﾙ","使用不可","ケーブル","ｹｰﾌﾞﾙ","PatchPnael","パッチ","引き出し","引出","ブランク","ﾌﾞﾗﾝｸ","マネージ","ﾏﾈｰｼﾞ","PDU","ONU"},$F17&"")))>0)),"／重量が未記入","")&IF(AND(K17<>"",NOT(ISNUMBER(K17))),"／電圧が数値でない","")&IF(AND(N17<>"",NOT(ISNUMBER(N17))),"／電流が数値でない","")&IF(AND(C17<>"",C17<1),"／開始Uが1未満","")&IF(AND(E17<>"",E17>IFERROR(VLOOKUP(A17,ラック定義!$A:$B,2,FALSE),47)),"／総Uをはみ出す","")&IF(AND(A17<>"",COUNTIF(ラック定義!$A:$A,A17)=0),"／ラックが定義にない","")&IF(AND(SUMPRODUCT((機器台帳!$A$2:$A$400=$A17)*((機器台帳!$B$2:$B$400=$B17)+(機器台帳!$B$2:$B$400="両面")+($B17="両面")>0)*(機器台帳!$C$2:$C$400<=$C17+$D17-1)*(機器台帳!$C$2:$C$400+機器台帳!$D$2:$D$400-1>=$C17)*(機器台帳!$F$2:$F$400<>""))-1>0,NOT(SUMPRODUCT(--ISNUMBER(SEARCH({"棚板","棚","アングル","ｱﾝｸﾞﾙ","使用不可","ケーブル","ｹｰﾌﾞﾙ","PatchPnael","パッチ","引き出し","引出","ブランク","ﾌﾞﾗﾝｸ","マネージ","ﾏﾈｰｼﾞ","PDU","ONU"},$F17&"")))>0)),"／同じUに他の機器(横並びなら正常)","")&IF(AND(M17<>"",COUNTIFS(回路定義!$A:$A,A17,回路定義!$B:$B,M17)=0),"／回路1が定義にない","")&IF(AND(P17<>"",COUNTIFS(回路定義!$A:$A,A17,回路定義!$B:$B,P17)=0),"／回路2が定義にない","")&IF(AND(S17<>"",COUNTIFS(回路定義!$A:$A,A17,回路定義!$B:$B,S17)=0),"／回路3が定義にない",""),2,300)))
A18: E24-S8-1 | B18: 前面 | C18: 24 | D18: 1 | E18: =IF(C18="","",C18+D18-1) | F18: XC660 | G18: H2401558 | Y18: =COUNT(N18,Q18,T18) | Z18: =IF(OR(K18="",NOT(ISNUMBER(K18))),"",K18*SUM(N18,Q18,T18)) | AA18: =IF(OR(Y18=0,N18=""),"",N18/Y18) | AB18: =IF(OR(Y18=0,Q18=""),"",Q18/Y18) | AC18: =IF(OR(Y18=0,T18=""),"",T18/Y18) | AD18: =IF(F18="","",IF((IF(AND(Y18=0,NOT(SUMPRODUCT(--ISNUMBER(SEARCH({"棚板","棚","アングル","ｱﾝｸﾞﾙ","使用不可","ケーブル","ｹｰﾌﾞﾙ","PatchPnael","パッチ","引き出し","引出","ブランク","ﾌﾞﾗﾝｸ","マネージ","ﾏﾈｰｼﾞ","PDU","ONU"},$F18&"")))>0),NOT(SUMPRODUCT(--ISNUMBER(SEARCH({"電源オフ","未投入","停止","未使用","撤去"},$X18&"")))>0)),"／電力が未記入","")&IF(AND(NOT(ISNUMBER(J18)),NOT(SUMPRODUCT(--ISNUMBER(SEARCH({"棚板","棚","アングル","ｱﾝｸﾞﾙ","使用不可","ケーブル","ｹｰﾌﾞﾙ","PatchPnael","パッチ","引き出し","引出","ブランク","ﾌﾞﾗﾝｸ","マネージ","ﾏﾈｰｼﾞ","PDU","ONU"},$F18&"")))>0)),"／重量が未記入","")&IF(AND(K18<>"",NOT(ISNUMBER(K18))),"／電圧が数値でない","")&IF(AND(N18<>"",NOT(ISNUMBER(N18))),"／電流が数値でない","")&IF(AND(C18<>"",C18<1),"／開始Uが1未満","")&IF(AND(E18<>"",E18>IFERROR(VLOOKUP(A18,ラック定義!$A:$B,2,FALSE),47)),"／総Uをはみ出す","")&IF(AND(A18<>"",COUNTIF(ラック定義!$A:$A,A18)=0),"／ラックが定義にない","")&IF(AND(SUMPRODUCT((機器台帳!$A$2:$A$400=$A18)*((機器台帳!$B$2:$B$400=$B18)+(機器台帳!$B$2:$B$400="両面")+($B18="両面")>0)*(機器台帳!$C$2:$C$400<=$C18+$D18-1)*(機器台帳!$C$2:$C$400+機器台帳!$D$2:$D$400-1>=$C18)*(機器台帳!$F$2:$F$400<>""))-1>0,NOT(SUMPRODUCT(--ISNUMBER(SEARCH({"棚板","棚","アングル","ｱﾝｸﾞﾙ","使用不可","ケーブル","ｹｰﾌﾞﾙ","PatchPnael","パッチ","引き出し","引出","ブランク","ﾌﾞﾗﾝｸ","マネージ","ﾏﾈｰｼﾞ","PDU","ONU"},$F18&"")))>0)),"／同じUに他の機器(横並びなら正常)","")&IF(AND(M18<>"",COUNTIFS(回路定義!$A:$A,A18,回路定義!$B:$B,M18)=0),"／回路1が定義にない","")&IF(AND(P18<>"",COUNTIFS(回路定義!$A:$A,A18,回路定義!$B:$B,P18)=0),"／回路2が定義にない","")&IF(AND(S18<>"",COUNTIFS(回路定義!$A:$A,A18,回路定義!$B:$B,S18)=0),"／回路3が定義にない",""))="","",MID(IF(AND(Y18=0,NOT(SUMPRODUCT(--ISNUMBER(SEARCH({"棚板","棚","アングル","ｱﾝｸﾞﾙ","使用不可","ケーブル","ｹｰﾌﾞﾙ","PatchPnael","パッチ","引き出し","引出","ブランク","ﾌﾞﾗﾝｸ","マネージ","ﾏﾈｰｼﾞ","PDU","ONU"},$F18&"")))>0),NOT(SUMPRODUCT(--ISNUMBER(SEARCH({"電源オフ","未投入","停止","未使用","撤去"},$X18&"")))>0)),"／電力が未記入","")&IF(AND(NOT(ISNUMBER(J18)),NOT(SUMPRODUCT(--ISNUMBER(SEARCH({"棚板","棚","アングル","ｱﾝｸﾞﾙ","使用不可","ケーブル","ｹｰﾌﾞﾙ","PatchPnael","パッチ","引き出し","引出","ブランク","ﾌﾞﾗﾝｸ","マネージ","ﾏﾈｰｼﾞ","PDU","ONU"},$F18&"")))>0)),"／重量が未記入","")&IF(AND(K18<>"",NOT(ISNUMBER(K18))),"／電圧が数値でない","")&IF(AND(N18<>"",NOT(ISNUMBER(N18))),"／電流が数値でない","")&IF(AND(C18<>"",C18<1),"／開始Uが1未満","")&IF(AND(E18<>"",E18>IFERROR(VLOOKUP(A18,ラック定義!$A:$B,2,FALSE),47)),"／総Uをはみ出す","")&IF(AND(A18<>"",COUNTIF(ラック定義!$A:$A,A18)=0),"／ラックが定義にない","")&IF(AND(SUMPRODUCT((機器台帳!$A$2:$A$400=$A18)*((機器台帳!$B$2:$B$400=$B18)+(機器台帳!$B$2:$B$400="両面")+($B18="両面")>0)*(機器台帳!$C$2:$C$400<=$C18+$D18-1)*(機器台帳!$C$2:$C$400+機器台帳!$D$2:$D$400-1>=$C18)*(機器台帳!$F$2:$F$400<>""))-1>0,NOT(SUMPRODUCT(--ISNUMBER(SEARCH({"棚板","棚","アングル","ｱﾝｸﾞﾙ","使用不可","ケーブル","ｹｰﾌﾞﾙ","PatchPnael","パッチ","引き出し","引出","ブランク","ﾌﾞﾗﾝｸ","マネージ","ﾏﾈｰｼﾞ","PDU","ONU"},$F18&"")))>0)),"／同じUに他の機器(横並びなら正常)","")&IF(AND(M18<>"",COUNTIFS(回路定義!$A:$A,A18,回路定義!$B:$B,M18)=0),"／回路1が定義にない","")&IF(AND(P18<>"",COUNTIFS(回路定義!$A:$A,A18,回路定義!$B:$B,P18)=0),"／回路2が定義にない","")&IF(AND(S18<>"",COUNTIFS(回路定義!$A:$A,A18,回路定義!$B:$B,S18)=0),"／回路3が定義にない",""),2,300)))
A19: E24-S8-1 | B19: 前面 | C19: 22 | D19: 1 | E19: =IF(C19="","",C19+D19-1) | F19: XC660 | G19: H2401559 | Y19: =COUNT(N19,Q19,T19) | Z19: =IF(OR(K19="",NOT(ISNUMBER(K19))),"",K19*SUM(N19,Q19,T19)) | AA19: =IF(OR(Y19=0,N19=""),"",N19/Y19) | AB19: =IF(OR(Y19=0,Q19=""),"",Q19/Y19) | AC19: =IF(OR(Y19=0,T19=""),"",T19/Y19) | AD19: =IF(F19="","",IF((IF(AND(Y19=0,NOT(SUMPRODUCT(--ISNUMBER(SEARCH({"棚板","棚","アングル","ｱﾝｸﾞﾙ","使用不可","ケーブル","ｹｰﾌﾞﾙ","PatchPnael","パッチ","引き出し","引出","ブランク","ﾌﾞﾗﾝｸ","マネージ","ﾏﾈｰｼﾞ","PDU","ONU"},$F19&"")))>0),NOT(SUMPRODUCT(--ISNUMBER(SEARCH({"電源オフ","未投入","停止","未使用","撤去"},$X19&"")))>0)),"／電力が未記入","")&IF(AND(NOT(ISNUMBER(J19)),NOT(SUMPRODUCT(--ISNUMBER(SEARCH({"棚板","棚","アングル","ｱﾝｸﾞﾙ","使用不可","ケーブル","ｹｰﾌﾞﾙ","PatchPnael","パッチ","引き出し","引出","ブランク","ﾌﾞﾗﾝｸ","マネージ","ﾏﾈｰｼﾞ","PDU","ONU"},$F19&"")))>0)),"／重量が未記入","")&IF(AND(K19<>"",NOT(ISNUMBER(K19))),"／電圧が数値でない","")&IF(AND(N19<>"",NOT(ISNUMBER(N19))),"／電流が数値でない","")&IF(AND(C19<>"",C19<1),"／開始Uが1未満","")&IF(AND(E19<>"",E19>IFERROR(VLOOKUP(A19,ラック定義!$A:$B,2,FALSE),47)),"／総Uをはみ出す","")&IF(AND(A19<>"",COUNTIF(ラック定義!$A:$A,A19)=0),"／ラックが定義にない","")&IF(AND(SUMPRODUCT((機器台帳!$A$2:$A$400=$A19)*((機器台帳!$B$2:$B$400=$B19)+(機器台帳!$B$2:$B$400="両面")+($B19="両面")>0)*(機器台帳!$C$2:$C$400<=$C19+$D19-1)*(機器台帳!$C$2:$C$400+機器台帳!$D$2:$D$400-1>=$C19)*(機器台帳!$F$2:$F$400<>""))-1>0,NOT(SUMPRODUCT(--ISNUMBER(SEARCH({"棚板","棚","アングル","ｱﾝｸﾞﾙ","使用不可","ケーブル","ｹｰﾌﾞﾙ","PatchPnael","パッチ","引き出し","引出","ブランク","ﾌﾞﾗﾝｸ","マネージ","ﾏﾈｰｼﾞ","PDU","ONU"},$F19&"")))>0)),"／同じUに他の機器(横並びなら正常)","")&IF(AND(M19<>"",COUNTIFS(回路定義!$A:$A,A19,回路定義!$B:$B,M19)=0),"／回路1が定義にない","")&IF(AND(P19<>"",COUNTIFS(回路定義!$A:$A,A19,回路定義!$B:$B,P19)=0),"／回路2が定義にない","")&IF(AND(S19<>"",COUNTIFS(回路定義!$A:$A,A19,回路定義!$B:$B,S19)=0),"／回路3が定義にない",""))="","",MID(IF(AND(Y19=0,NOT(SUMPRODUCT(--ISNUMBER(SEARCH({"棚板","棚","アングル","ｱﾝｸﾞﾙ","使用不可","ケーブル","ｹｰﾌﾞﾙ","PatchPnael","パッチ","引き出し","引出","ブランク","ﾌﾞﾗﾝｸ","マネージ","ﾏﾈｰｼﾞ","PDU","ONU"},$F19&"")))>0),NOT(SUMPRODUCT(--ISNUMBER(SEARCH({"電源オフ","未投入","停止","未使用","撤去"},$X19&"")))>0)),"／電力が未記入","")&IF(AND(NOT(ISNUMBER(J19)),NOT(SUMPRODUCT(--ISNUMBER(SEARCH({"棚板","棚","アングル","ｱﾝｸﾞﾙ","使用不可","ケーブル","ｹｰﾌﾞﾙ","PatchPnael","パッチ","引き出し","引出","ブランク","ﾌﾞﾗﾝｸ","マネージ","ﾏﾈｰｼﾞ","PDU","ONU"},$F19&"")))>0)),"／重量が未記入","")&IF(AND(K19<>"",NOT(ISNUMBER(K19))),"／電圧が数値でない","")&IF(AND(N19<>"",NOT(ISNUMBER(N19))),"／電流が数値でない","")&IF(AND(C19<>"",C19<1),"／開始Uが1未満","")&IF(AND(E19<>"",E19>IFERROR(VLOOKUP(A19,ラック定義!$A:$B,2,FALSE),47)),"／総Uをはみ出す","")&IF(AND(A19<>"",COUNTIF(ラック定義!$A:$A,A19)=0),"／ラックが定義にない","")&IF(AND(SUMPRODUCT((機器台帳!$A$2:$A$400=$A19)*((機器台帳!$B$2:$B$400=$B19)+(機器台帳!$B$2:$B$400="両面")+($B19="両面")>0)*(機器台帳!$C$2:$C$400<=$C19+$D19-1)*(機器台帳!$C$2:$C$400+機器台帳!$D$2:$D$400-1>=$C19)*(機器台帳!$F$2:$F$400<>""))-1>0,NOT(SUMPRODUCT(--ISNUMBER(SEARCH({"棚板","棚","アングル","ｱﾝｸﾞﾙ","使用不可","ケーブル","ｹｰﾌﾞﾙ","PatchPnael","パッチ","引き出し","引出","ブランク","ﾌﾞﾗﾝｸ","マネージ","ﾏﾈｰｼﾞ","PDU","ONU"},$F19&"")))>0)),"／同じUに他の機器(横並びなら正常)","")&IF(AND(M19<>"",COUNTIFS(回路定義!$A:$A,A19,回路定義!$B:$B,M19)=0),"／回路1が定義にない","")&IF(AND(P19<>"",COUNTIFS(回路定義!$A:$A,A19,回路定義!$B:$B,P19)=0),"／回路2が定義にない","")&IF(AND(S19<>"",COUNTIFS(回路定義!$A:$A,A19,回路定義!$B:$B,S19)=0),"／回路3が定義にない",""),2,300)))
A20: E24-S8-1 | B20: 前面 | C20: 21 | D20: 1 | E20: =IF(C20="","",C20+D20-1) | F20: XC660 | G20: H2401560 | Y20: =COUNT(N20,Q20,T20) | Z20: =IF(OR(K20="",NOT(ISNUMBER(K20))),"",K20*SUM(N20,Q20,T20)) | AA20: =IF(OR(Y20=0,N20=""),"",N20/Y20) | AB20: =IF(OR(Y20=0,Q20=""),"",Q20/Y20) | AC20: =IF(OR(Y20=0,T20=""),"",T20/Y20) | AD20: =IF(F20="","",IF((IF(AND(Y20=0,NOT(SUMPRODUCT(--ISNUMBER(SEARCH({"棚板","棚","アングル","ｱﾝｸﾞﾙ","使用不可","ケーブル","ｹｰﾌﾞﾙ","PatchPnael","パッチ","引き出し","引出","ブランク","ﾌﾞﾗﾝｸ","マネージ","ﾏﾈｰｼﾞ","PDU","ONU"},$F20&"")))>0),NOT(SUMPRODUCT(--ISNUMBER(SEARCH({"電源オフ","未投入","停止","未使用","撤去"},$X20&"")))>0)),"／電力が未記入","")&IF(AND(NOT(ISNUMBER(J20)),NOT(SUMPRODUCT(--ISNUMBER(SEARCH({"棚板","棚","アングル","ｱﾝｸﾞﾙ","使用不可","ケーブル","ｹｰﾌﾞﾙ","PatchPnael","パッチ","引き出し","引出","ブランク","ﾌﾞﾗﾝｸ","マネージ","ﾏﾈｰｼﾞ","PDU","ONU"},$F20&"")))>0)),"／重量が未記入","")&IF(AND(K20<>"",NOT(ISNUMBER(K20))),"／電圧が数値でない","")&IF(AND(N20<>"",NOT(ISNUMBER(N20))),"／電流が数値でない","")&IF(AND(C20<>"",C20<1),"／開始Uが1未満","")&IF(AND(E20<>"",E20>IFERROR(VLOOKUP(A20,ラック定義!$A:$B,2,FALSE),47)),"／総Uをはみ出す","")&IF(AND(A20<>"",COUNTIF(ラック定義!$A:$A,A20)=0),"／ラックが定義にない","")&IF(AND(SUMPRODUCT((機器台帳!$A$2:$A$400=$A20)*((機器台帳!$B$2:$B$400=$B20)+(機器台帳!$B$2:$B$400="両面")+($B20="両面")>0)*(機器台帳!$C$2:$C$400<=$C20+$D20-1)*(機器台帳!$C$2:$C$400+機器台帳!$D$2:$D$400-1>=$C20)*(機器台帳!$F$2:$F$400<>""))-1>0,NOT(SUMPRODUCT(--ISNUMBER(SEARCH({"棚板","棚","アングル","ｱﾝｸﾞﾙ","使用不可","ケーブル","ｹｰﾌﾞﾙ","PatchPnael","パッチ","引き出し","引出","ブランク","ﾌﾞﾗﾝｸ","マネージ","ﾏﾈｰｼﾞ","PDU","ONU"},$F20&"")))>0)),"／同じUに他の機器(横並びなら正常)","")&IF(AND(M20<>"",COUNTIFS(回路定義!$A:$A,A20,回路定義!$B:$B,M20)=0),"／回路1が定義にない","")&IF(AND(P20<>"",COUNTIFS(回路定義!$A:$A,A20,回路定義!$B:$B,P20)=0),"／回路2が定義にない","")&IF(AND(S20<>"",COUNTIFS(回路定義!$A:$A,A20,回路定義!$B:$B,S20)=0),"／回路3が定義にない",""))="","",MID(IF(AND(Y20=0,NOT(SUMPRODUCT(--ISNUMBER(SEARCH({"棚板","棚","アングル","ｱﾝｸﾞﾙ","使用不可","ケーブル","ｹｰﾌﾞﾙ","PatchPnael","パッチ","引き出し","引出","ブランク","ﾌﾞﾗﾝｸ","マネージ","ﾏﾈｰｼﾞ","PDU","ONU"},$F20&"")))>0),NOT(SUMPRODUCT(--ISNUMBER(SEARCH({"電源オフ","未投入","停止","未使用","撤去"},$X20&"")))>0)),"／電力が未記入","")&IF(AND(NOT(ISNUMBER(J20)),NOT(SUMPRODUCT(--ISNUMBER(SEARCH({"棚板","棚","アングル","ｱﾝｸﾞﾙ","使用不可","ケーブル","ｹｰﾌﾞﾙ","PatchPnael","パッチ","引き出し","引出","ブランク","ﾌﾞﾗﾝｸ","マネージ","ﾏﾈｰｼﾞ","PDU","ONU"},$F20&"")))>0)),"／重量が未記入","")&IF(AND(K20<>"",NOT(ISNUMBER(K20))),"／電圧が数値でない","")&IF(AND(N20<>"",NOT(ISNUMBER(N20))),"／電流が数値でない","")&IF(AND(C20<>"",C20<1),"／開始Uが1未満","")&IF(AND(E20<>"",E20>IFERROR(VLOOKUP(A20,ラック定義!$A:$B,2,FALSE),47)),"／総Uをはみ出す","")&IF(AND(A20<>"",COUNTIF(ラック定義!$A:$A,A20)=0),"／ラックが定義にない","")&IF(AND(SUMPRODUCT((機器台帳!$A$2:$A$400=$A20)*((機器台帳!$B$2:$B$400=$B20)+(機器台帳!$B$2:$B$400="両面")+($B20="両面")>0)*(機器台帳!$C$2:$C$400<=$C20+$D20-1)*(機器台帳!$C$2:$C$400+機器台帳!$D$2:$D$400-1>=$C20)*(機器台帳!$F$2:$F$400<>""))-1>0,NOT(SUMPRODUCT(--ISNUMBER(SEARCH({"棚板","棚","アングル","ｱﾝｸﾞﾙ","使用不可","ケーブル","ｹｰﾌﾞﾙ","PatchPnael","パッチ","引き出し","引出","ブランク","ﾌﾞﾗﾝｸ","マネージ","ﾏﾈｰｼﾞ","PDU","ONU"},$F20&"")))>0)),"／同じUに他の機器(横並びなら正常)","")&IF(AND(M20<>"",COUNTIFS(回路定義!$A:$A,A20,回路定義!$B:$B,M20)=0),"／回路1が定義にない","")&IF(AND(P20<>"",COUNTIFS(回路定義!$A:$A,A20,回路定義!$B:$B,P20)=0),"／回路2が定義にない","")&IF(AND(S20<>"",COUNTIFS(回路定義!$A:$A,A20,回路定義!$B:$B,S20)=0),"／回路3が定義にない",""),2,300)))
A21: E24-S8-1 | B21: 背面 | C21: 18 | D21: 2 | E21: =IF(C21="","",C21+D21-1) | F21: Huawei CE8860-4C-EI | G21: H1703067 | I21: SW | J21: 10 | K21: 200 | L21: 2 | M21: 200V 30A （1） | N21: 2 | O21: 2 | Y21: =COUNT(N21,Q21,T21) | Z21: =IF(OR(K21="",NOT(ISNUMBER(K21))),"",K21*SUM(N21,Q21,T21)) | AA21: =IF(OR(Y21=0,N21=""),"",N21/Y21) | AB21: =IF(OR(Y21=0,Q21=""),"",Q21/Y21) | AC21: =IF(OR(Y21=0,T21=""),"",T21/Y21) | AD21: =IF(F21="","",IF((IF(AND(Y21=0,NOT(SUMPRODUCT(--ISNUMBER(SEARCH({"棚板","棚","アングル","ｱﾝｸﾞﾙ","使用不可","ケーブル","ｹｰﾌﾞﾙ","PatchPnael","パッチ","引き出し","引出","ブランク","ﾌﾞﾗﾝｸ","マネージ","ﾏﾈｰｼﾞ","PDU","ONU"},$F21&"")))>0),NOT(SUMPRODUCT(--ISNUMBER(SEARCH({"電源オフ","未投入","停止","未使用","撤去"},$X21&"")))>0)),"／電力が未記入","")&IF(AND(NOT(ISNUMBER(J21)),NOT(SUMPRODUCT(--ISNUMBER(SEARCH({"棚板","棚","アングル","ｱﾝｸﾞﾙ","使用不可","ケーブル","ｹｰﾌﾞﾙ","PatchPnael","パッチ","引き出し","引出","ブランク","ﾌﾞﾗﾝｸ","マネージ","ﾏﾈｰｼﾞ","PDU","ONU"},$F21&"")))>0)),"／重量が未記入","")&IF(AND(K21<>"",NOT(ISNUMBER(K21))),"／電圧が数値でない","")&IF(AND(N21<>"",NOT(ISNUMBER(N21))),"／電流が数値でない","")&IF(AND(C21<>"",C21<1),"／開始Uが1未満","")&IF(AND(E21<>"",E21>IFERROR(VLOOKUP(A21,ラック定義!$A:$B,2,FALSE),47)),"／総Uをはみ出す","")&IF(AND(A21<>"",COUNTIF(ラック定義!$A:$A,A21)=0),"／ラックが定義にない","")&IF(AND(SUMPRODUCT((機器台帳!$A$2:$A$400=$A21)*((機器台帳!$B$2:$B$400=$B21)+(機器台帳!$B$2:$B$400="両面")+($B21="両面")>0)*(機器台帳!$C$2:$C$400<=$C21+$D21-1)*(機器台帳!$C$2:$C$400+機器台帳!$D$2:$D$400-1>=$C21)*(機器台帳!$F$2:$F$400<>""))-1>0,NOT(SUMPRODUCT(--ISNUMBER(SEARCH({"棚板","棚","アングル","ｱﾝｸﾞﾙ","使用不可","ケーブル","ｹｰﾌﾞﾙ","PatchPnael","パッチ","引き出し","引出","ブランク","ﾌﾞﾗﾝｸ","マネージ","ﾏﾈｰｼﾞ","PDU","ONU"},$F21&"")))>0)),"／同じUに他の機器(横並びなら正常)","")&IF(AND(M21<>"",COUNTIFS(回路定義!$A:$A,A21,回路定義!$B:$B,M21)=0),"／回路1が定義にない","")&IF(AND(P21<>"",COUNTIFS(回路定義!$A:$A,A21,回路定義!$B:$B,P21)=0),"／回路2が定義にない","")&IF(AND(S21<>"",COUNTIFS(回路定義!$A:$A,A21,回路定義!$B:$B,S21)=0),"／回路3が定義にない",""))="","",MID(IF(AND(Y21=0,NOT(SUMPRODUCT(--ISNUMBER(SEARCH({"棚板","棚","アングル","ｱﾝｸﾞﾙ","使用不可","ケーブル","ｹｰﾌﾞﾙ","PatchPnael","パッチ","引き出し","引出","ブランク","ﾌﾞﾗﾝｸ","マネージ","ﾏﾈｰｼﾞ","PDU","ONU"},$F21&"")))>0),NOT(SUMPRODUCT(--ISNUMBER(SEARCH({"電源オフ","未投入","停止","未使用","撤去"},$X21&"")))>0)),"／電力が未記入","")&IF(AND(NOT(ISNUMBER(J21)),NOT(SUMPRODUCT(--ISNUMBER(SEARCH({"棚板","棚","アングル","ｱﾝｸﾞﾙ","使用不可","ケーブル","ｹｰﾌﾞﾙ","PatchPnael","パッチ","引き出し","引出","ブランク","ﾌﾞﾗﾝｸ","マネージ","ﾏﾈｰｼﾞ","PDU","ONU"},$F21&"")))>0)),"／重量が未記入","")&IF(AND(K21<>"",NOT(ISNUMBER(K21))),"／電圧が数値でない","")&IF(AND(N21<>"",NOT(ISNUMBER(N21))),"／電流が数値でない","")&IF(AND(C21<>"",C21<1),"／開始Uが1未満","")&IF(AND(E21<>"",E21>IFERROR(VLOOKUP(A21,ラック定義!$A:$B,2,FALSE),47)),"／総Uをはみ出す","")&IF(AND(A21<>"",COUNTIF(ラック定義!$A:$A,A21)=0),"／ラックが定義にない","")&IF(AND(SUMPRODUCT((機器台帳!$A$2:$A$400=$A21)*((機器台帳!$B$2:$B$400=$B21)+(機器台帳!$B$2:$B$400="両面")+($B21="両面")>0)*(機器台帳!$C$2:$C$400<=$C21+$D21-1)*(機器台帳!$C$2:$C$400+機器台帳!$D$2:$D$400-1>=$C21)*(機器台帳!$F$2:$F$400<>""))-1>0,NOT(SUMPRODUCT(--ISNUMBER(SEARCH({"棚板","棚","アングル","ｱﾝｸﾞﾙ","使用不可","ケーブル","ｹｰﾌﾞﾙ","PatchPnael","パッチ","引き出し","引出","ブランク","ﾌﾞﾗﾝｸ","マネージ","ﾏﾈｰｼﾞ","PDU","ONU"},$F21&"")))>0)),"／同じUに他の機器(横並びなら正常)","")&IF(AND(M21<>"",COUNTIFS(回路定義!$A:$A,A21,回路定義!$B:$B,M21)=0),"／回路1が定義にない","")&IF(AND(P21<>"",COUNTIFS(回路定義!$A:$A,A21,回路定義!$B:$B,P21)=0),"／回路2が定義にない","")&IF(AND(S21<>"",COUNTIFS(回路定義!$A:$A,A21,回路定義!$B:$B,S21)=0),"／回路3が定義にない",""),2,300)))
A22: E24-S8-2 | B22: 両面 | C22: 28 | D22: 1 | E22: =IF(C22="","",C22+D22-1) | F22: HPE DX360-2 | G22: H1914272 | H22: Nutanix | I22: Server | J22: 10 | K22: 200 | L22: 2 | M22: 200V 30A （1） | N22: 1.5 | O22: 2 | V22: ○ | Y22: =COUNT(N22,Q22,T22) | Z22: =IF(OR(K22="",NOT(ISNUMBER(K22))),"",K22*SUM(N22,Q22,T22)) | AA22: =IF(OR(Y22=0,N22=""),"",N22/Y22) | AB22: =IF(OR(Y22=0,Q22=""),"",Q22/Y22) | AC22: =IF(OR(Y22=0,T22=""),"",T22/Y22) | AD22: =IF(F22="","",IF((IF(AND(Y22=0,NOT(SUMPRODUCT(--ISNUMBER(SEARCH({"棚板","棚","アングル","ｱﾝｸﾞﾙ","使用不可","ケーブル","ｹｰﾌﾞﾙ","PatchPnael","パッチ","引き出し","引出","ブランク","ﾌﾞﾗﾝｸ","マネージ","ﾏﾈｰｼﾞ","PDU","ONU"},$F22&"")))>0),NOT(SUMPRODUCT(--ISNUMBER(SEARCH({"電源オフ","未投入","停止","未使用","撤去"},$X22&"")))>0)),"／電力が未記入","")&IF(AND(NOT(ISNUMBER(J22)),NOT(SUMPRODUCT(--ISNUMBER(SEARCH({"棚板","棚","アングル","ｱﾝｸﾞﾙ","使用不可","ケーブル","ｹｰﾌﾞﾙ","PatchPnael","パッチ","引き出し","引出","ブランク","ﾌﾞﾗﾝｸ","マネージ","ﾏﾈｰｼﾞ","PDU","ONU"},$F22&"")))>0)),"／重量が未記入","")&IF(AND(K22<>"",NOT(ISNUMBER(K22))),"／電圧が数値でない","")&IF(AND(N22<>"",NOT(ISNUMBER(N22))),"／電流が数値でない","")&IF(AND(C22<>"",C22<1),"／開始Uが1未満","")&IF(AND(E22<>"",E22>IFERROR(VLOOKUP(A22,ラック定義!$A:$B,2,FALSE),47)),"／総Uをはみ出す","")&IF(AND(A22<>"",COUNTIF(ラック定義!$A:$A,A22)=0),"／ラックが定義にない","")&IF(AND(SUMPRODUCT((機器台帳!$A$2:$A$400=$A22)*((機器台帳!$B$2:$B$400=$B22)+(機器台帳!$B$2:$B$400="両面")+($B22="両面")>0)*(機器台帳!$C$2:$C$400<=$C22+$D22-1)*(機器台帳!$C$2:$C$400+機器台帳!$D$2:$D$400-1>=$C22)*(機器台帳!$F$2:$F$400<>""))-1>0,NOT(SUMPRODUCT(--ISNUMBER(SEARCH({"棚板","棚","アングル","ｱﾝｸﾞﾙ","使用不可","ケーブル","ｹｰﾌﾞﾙ","PatchPnael","パッチ","引き出し","引出","ブランク","ﾌﾞﾗﾝｸ","マネージ","ﾏﾈｰｼﾞ","PDU","ONU"},$F22&"")))>0)),"／同じUに他の機器(横並びなら正常)","")&IF(AND(M22<>"",COUNTIFS(回路定義!$A:$A,A22,回路定義!$B:$B,M22)=0),"／回路1が定義にない","")&IF(AND(P22<>"",COUNTIFS(回路定義!$A:$A,A22,回路定義!$B:$B,P22)=0),"／回路2が定義にない","")&IF(AND(S22<>"",COUNTIFS(回路定義!$A:$A,A22,回路定義!$B:$B,S22)=0),"／回路3が定義にない",""))="","",MID(IF(AND(Y22=0,NOT(SUMPRODUCT(--ISNUMBER(SEARCH({"棚板","棚","アングル","ｱﾝｸﾞﾙ","使用不可","ケーブル","ｹｰﾌﾞﾙ","PatchPnael","パッチ","引き出し","引出","ブランク","ﾌﾞﾗﾝｸ","マネージ","ﾏﾈｰｼﾞ","PDU","ONU"},$F22&"")))>0),NOT(SUMPRODUCT(--ISNUMBER(SEARCH({"電源オフ","未投入","停止","未使用","撤去"},$X22&"")))>0)),"／電力が未記入","")&IF(AND(NOT(ISNUMBER(J22)),NOT(SUMPRODUCT(--ISNUMBER(SEARCH({"棚板","棚","アングル","ｱﾝｸﾞﾙ","使用不可","ケーブル","ｹｰﾌﾞﾙ","PatchPnael","パッチ","引き出し","引出","ブランク","ﾌﾞﾗﾝｸ","マネージ","ﾏﾈｰｼﾞ","PDU","ONU"},$F22&"")))>0)),"／重量が未記入","")&IF(AND(K22<>"",NOT(ISNUMBER(K22))),"／電圧が数値でない","")&IF(AND(N22<>"",NOT(ISNUMBER(N22))),"／電流が数値でない","")&IF(AND(C22<>"",C22<1),"／開始Uが1未満","")&IF(AND(E22<>"",E22>IFERROR(VLOOKUP(A22,ラック定義!$A:$B,2,FALSE),47)),"／総Uをはみ出す","")&IF(AND(A22<>"",COUNTIF(ラック定義!$A:$A,A22)=0),"／ラックが定義にない","")&IF(AND(SUMPRODUCT((機器台帳!$A$2:$A$400=$A22)*((機器台帳!$B$2:$B$400=$B22)+(機器台帳!$B$2:$B$400="両面")+($B22="両面")>0)*(機器台帳!$C$2:$C$400<=$C22+$D22-1)*(機器台帳!$C$2:$C$400+機器台帳!$D$2:$D$400-1>=$C22)*(機器台帳!$F$2:$F$400<>""))-1>0,NOT(SUMPRODUCT(--ISNUMBER(SEARCH({"棚板","棚","アングル","ｱﾝｸﾞﾙ","使用不可","ケーブル","ｹｰﾌﾞﾙ","PatchPnael","パッチ","引き出し","引出","ブランク","ﾌﾞﾗﾝｸ","マネージ","ﾏﾈｰｼﾞ","PDU","ONU"},$F22&"")))>0)),"／同じUに他の機器(横並びなら正常)","")&IF(AND(M22<>"",COUNTIFS(回路定義!$A:$A,A22,回路定義!$B:$B,M22)=0),"／回路1が定義にない","")&IF(AND(P22<>"",COUNTIFS(回路定義!$A:$A,A22,回路定義!$B:$B,P22)=0),"／回路2が定義にない","")&IF(AND(S22<>"",COUNTIFS(回路定義!$A:$A,A22,回路定義!$B:$B,S22)=0),"／回路3が定義にない",""),2,300)))
A23: E24-S8-2 | B23: 両面 | C23: 26 | D23: 1 | E23: =IF(C23="","",C23+D23-1) | F23: HPE DX360-4 | G23: H2008899 | H23: Nutanix | I23: Server | V23: ○ | Y23: =COUNT(N23,Q23,T23) | Z23: =IF(OR(K23="",NOT(ISNUMBER(K23))),"",K23*SUM(N23,Q23,T23)) | AA23: =IF(OR(Y23=0,N23=""),"",N23/Y23) | AB23: =IF(OR(Y23=0,Q23=""),"",Q23/Y23) | AC23: =IF(OR(Y23=0,T23=""),"",T23/Y23) | AD23: =IF(F23="","",IF((IF(AND(Y23=0,NOT(SUMPRODUCT(--ISNUMBER(SEARCH({"棚板","棚","アングル","ｱﾝｸﾞﾙ","使用不可","ケーブル","ｹｰﾌﾞﾙ","PatchPnael","パッチ","引き出し","引出","ブランク","ﾌﾞﾗﾝｸ","マネージ","ﾏﾈｰｼﾞ","PDU","ONU"},$F23&"")))>0),NOT(SUMPRODUCT(--ISNUMBER(SEARCH({"電源オフ","未投入","停止","未使用","撤去"},$X23&"")))>0)),"／電力が未記入","")&IF(AND(NOT(ISNUMBER(J23)),NOT(SUMPRODUCT(--ISNUMBER(SEARCH({"棚板","棚","アングル","ｱﾝｸﾞﾙ","使用不可","ケーブル","ｹｰﾌﾞﾙ","PatchPnael","パッチ","引き出し","引出","ブランク","ﾌﾞﾗﾝｸ","マネージ","ﾏﾈｰｼﾞ","PDU","ONU"},$F23&"")))>0)),"／重量が未記入","")&IF(AND(K23<>"",NOT(ISNUMBER(K23))),"／電圧が数値でない","")&IF(AND(N23<>"",NOT(ISNUMBER(N23))),"／電流が数値でない","")&IF(AND(C23<>"",C23<1),"／開始Uが1未満","")&IF(AND(E23<>"",E23>IFERROR(VLOOKUP(A23,ラック定義!$A:$B,2,FALSE),47)),"／総Uをはみ出す","")&IF(AND(A23<>"",COUNTIF(ラック定義!$A:$A,A23)=0),"／ラックが定義にない","")&IF(AND(SUMPRODUCT((機器台帳!$A$2:$A$400=$A23)*((機器台帳!$B$2:$B$400=$B23)+(機器台帳!$B$2:$B$400="両面")+($B23="両面")>0)*(機器台帳!$C$2:$C$400<=$C23+$D23-1)*(機器台帳!$C$2:$C$400+機器台帳!$D$2:$D$400-1>=$C23)*(機器台帳!$F$2:$F$400<>""))-1>0,NOT(SUMPRODUCT(--ISNUMBER(SEARCH({"棚板","棚","アングル","ｱﾝｸﾞﾙ","使用不可","ケーブル","ｹｰﾌﾞﾙ","PatchPnael","パッチ","引き出し","引出","ブランク","ﾌﾞﾗﾝｸ","マネージ","ﾏﾈｰｼﾞ","PDU","ONU"},$F23&"")))>0)),"／同じUに他の機器(横並びなら正常)","")&IF(AND(M23<>"",COUNTIFS(回路定義!$A:$A,A23,回路定義!$B:$B,M23)=0),"／回路1が定義にない","")&IF(AND(P23<>"",COUNTIFS(回路定義!$A:$A,A23,回路定義!$B:$B,P23)=0),"／回路2が定義にない","")&IF(AND(S23<>"",COUNTIFS(回路定義!$A:$A,A23,回路定義!$B:$B,S23)=0),"／回路3が定義にない",""))="","",MID(IF(AND(Y23=0,NOT(SUMPRODUCT(--ISNUMBER(SEARCH({"棚板","棚","アングル","ｱﾝｸﾞﾙ","使用不可","ケーブル","ｹｰﾌﾞﾙ","PatchPnael","パッチ","引き出し","引出","ブランク","ﾌﾞﾗﾝｸ","マネージ","ﾏﾈｰｼﾞ","PDU","ONU"},$F23&"")))>0),NOT(SUMPRODUCT(--ISNUMBER(SEARCH({"電源オフ","未投入","停止","未使用","撤去"},$X23&"")))>0)),"／電力が未記入","")&IF(AND(NOT(ISNUMBER(J23)),NOT(SUMPRODUCT(--ISNUMBER(SEARCH({"棚板","棚","アングル","ｱﾝｸﾞﾙ","使用不可","ケーブル","ｹｰﾌﾞﾙ","PatchPnael","パッチ","引き出し","引出","ブランク","ﾌﾞﾗﾝｸ","マネージ","ﾏﾈｰｼﾞ","PDU","ONU"},$F23&"")))>0)),"／重量が未記入","")&IF(AND(K23<>"",NOT(ISNUMBER(K23))),"／電圧が数値でない","")&IF(AND(N23<>"",NOT(ISNUMBER(N23))),"／電流が数値でない","")&IF(AND(C23<>"",C23<1),"／開始Uが1未満","")&IF(AND(E23<>"",E23>IFERROR(VLOOKUP(A23,ラック定義!$A:$B,2,FALSE),47)),"／総Uをはみ出す","")&IF(AND(A23<>"",COUNTIF(ラック定義!$A:$A,A23)=0),"／ラックが定義にない","")&IF(AND(SUMPRODUCT((機器台帳!$A$2:$A$400=$A23)*((機器台帳!$B$2:$B$400=$B23)+(機器台帳!$B$2:$B$400="両面")+($B23="両面")>0)*(機器台帳!$C$2:$C$400<=$C23+$D23-1)*(機器台帳!$C$2:$C$400+機器台帳!$D$2:$D$400-1>=$C23)*(機器台帳!$F$2:$F$400<>""))-1>0,NOT(SUMPRODUCT(--ISNUMBER(SEARCH({"棚板","棚","アングル","ｱﾝｸﾞﾙ","使用不可","ケーブル","ｹｰﾌﾞﾙ","PatchPnael","パッチ","引き出し","引出","ブランク","ﾌﾞﾗﾝｸ","マネージ","ﾏﾈｰｼﾞ","PDU","ONU"},$F23&"")))>0)),"／同じUに他の機器(横並びなら正常)","")&IF(AND(M23<>"",COUNTIFS(回路定義!$A:$A,A23,回路定義!$B:$B,M23)=0),"／回路1が定義にない","")&IF(AND(P23<>"",COUNTIFS(回路定義!$A:$A,A23,回路定義!$B:$B,P23)=0),"／回路2が定義にない","")&IF(AND(S23<>"",COUNTIFS(回路定義!$A:$A,A23,回路定義!$B:$B,S23)=0),"／回路3が定義にない",""),2,300)))
A24: E24-S8-2 | B24: 両面 | C24: 22 | D24: 1 | E24: =IF(C24="","",C24+D24-1) | F24: Huawei server (?) | I24: Server | V24: ○ | Y24: =COUNT(N24,Q24,T24) | Z24: =IF(OR(K24="",NOT(ISNUMBER(K24))),"",K24*SUM(N24,Q24,T24)) | AA24: =IF(OR(Y24=0,N24=""),"",N24/Y24) | AB24: =IF(OR(Y24=0,Q24=""),"",Q24/Y24) | AC24: =IF(OR(Y24=0,T24=""),"",T24/Y24) | AD24: =IF(F24="","",IF((IF(AND(Y24=0,NOT(SUMPRODUCT(--ISNUMBER(SEARCH({"棚板","棚","アングル","ｱﾝｸﾞﾙ","使用不可","ケーブル","ｹｰﾌﾞﾙ","PatchPnael","パッチ","引き出し","引出","ブランク","ﾌﾞﾗﾝｸ","マネージ","ﾏﾈｰｼﾞ","PDU","ONU"},$F24&"")))>0),NOT(SUMPRODUCT(--ISNUMBER(SEARCH({"電源オフ","未投入","停止","未使用","撤去"},$X24&"")))>0)),"／電力が未記入","")&IF(AND(NOT(ISNUMBER(J24)),NOT(SUMPRODUCT(--ISNUMBER(SEARCH({"棚板","棚","アングル","ｱﾝｸﾞﾙ","使用不可","ケーブル","ｹｰﾌﾞﾙ","PatchPnael","パッチ","引き出し","引出","ブランク","ﾌﾞﾗﾝｸ","マネージ","ﾏﾈｰｼﾞ","PDU","ONU"},$F24&"")))>0)),"／重量が未記入","")&IF(AND(K24<>"",NOT(ISNUMBER(K24))),"／電圧が数値でない","")&IF(AND(N24<>"",NOT(ISNUMBER(N24))),"／電流が数値でない","")&IF(AND(C24<>"",C24<1),"／開始Uが1未満","")&IF(AND(E24<>"",E24>IFERROR(VLOOKUP(A24,ラック定義!$A:$B,2,FALSE),47)),"／総Uをはみ出す","")&IF(AND(A24<>"",COUNTIF(ラック定義!$A:$A,A24)=0),"／ラックが定義にない","")&IF(AND(SUMPRODUCT((機器台帳!$A$2:$A$400=$A24)*((機器台帳!$B$2:$B$400=$B24)+(機器台帳!$B$2:$B$400="両面")+($B24="両面")>0)*(機器台帳!$C$2:$C$400<=$C24+$D24-1)*(機器台帳!$C$2:$C$400+機器台帳!$D$2:$D$400-1>=$C24)*(機器台帳!$F$2:$F$400<>""))-1>0,NOT(SUMPRODUCT(--ISNUMBER(SEARCH({"棚板","棚","アングル","ｱﾝｸﾞﾙ","使用不可","ケーブル","ｹｰﾌﾞﾙ","PatchPnael","パッチ","引き出し","引出","ブランク","ﾌﾞﾗﾝｸ","マネージ","ﾏﾈｰｼﾞ","PDU","ONU"},$F24&"")))>0)),"／同じUに他の機器(横並びなら正常)","")&IF(AND(M24<>"",COUNTIFS(回路定義!$A:$A,A24,回路定義!$B:$B,M24)=0),"／回路1が定義にない","")&IF(AND(P24<>"",COUNTIFS(回路定義!$A:$A,A24,回路定義!$B:$B,P24)=0),"／回路2が定義にない","")&IF(AND(S24<>"",COUNTIFS(回路定義!$A:$A,A24,回路定義!$B:$B,S24)=0),"／回路3が定義にない",""))="","",MID(IF(AND(Y24=0,NOT(SUMPRODUCT(--ISNUMBER(SEARCH({"棚板","棚","アングル","ｱﾝｸﾞﾙ","使用不可","ケーブル","ｹｰﾌﾞﾙ","PatchPnael","パッチ","引き出し","引出","ブランク","ﾌﾞﾗﾝｸ","マネージ","ﾏﾈｰｼﾞ","PDU","ONU"},$F24&"")))>0),NOT(SUMPRODUCT(--ISNUMBER(SEARCH({"電源オフ","未投入","停止","未使用","撤去"},$X24&"")))>0)),"／電力が未記入","")&IF(AND(NOT(ISNUMBER(J24)),NOT(SUMPRODUCT(--ISNUMBER(SEARCH({"棚板","棚","アングル","ｱﾝｸﾞﾙ","使用不可","ケーブル","ｹｰﾌﾞﾙ","PatchPnael","パッチ","引き出し","引出","ブランク","ﾌﾞﾗﾝｸ","マネージ","ﾏﾈｰｼﾞ","PDU","ONU"},$F24&"")))>0)),"／重量が未記入","")&IF(AND(K24<>"",NOT(ISNUMBER(K24))),"／電圧が数値でない","")&IF(AND(N24<>"",NOT(ISNUMBER(N24))),"／電流が数値でない","")&IF(AND(C24<>"",C24<1),"／開始Uが1未満","")&IF(AND(E24<>"",E24>IFERROR(VLOOKUP(A24,ラック定義!$A:$B,2,FALSE),47)),"／総Uをはみ出す","")&IF(AND(A24<>"",COUNTIF(ラック定義!$A:$A,A24)=0),"／ラックが定義にない","")&IF(AND(SUMPRODUCT((機器台帳!$A$2:$A$400=$A24)*((機器台帳!$B$2:$B$400=$B24)+(機器台帳!$B$2:$B$400="両面")+($B24="両面")>0)*(機器台帳!$C$2:$C$400<=$C24+$D24-1)*(機器台帳!$C$2:$C$400+機器台帳!$D$2:$D$400-1>=$C24)*(機器台帳!$F$2:$F$400<>""))-1>0,NOT(SUMPRODUCT(--ISNUMBER(SEARCH({"棚板","棚","アングル","ｱﾝｸﾞﾙ","使用不可","ケーブル","ｹｰﾌﾞﾙ","PatchPnael","パッチ","引き出し","引出","ブランク","ﾌﾞﾗﾝｸ","マネージ","ﾏﾈｰｼﾞ","PDU","ONU"},$F24&"")))>0)),"／同じUに他の機器(横並びなら正常)","")&IF(AND(M24<>"",COUNTIFS(回路定義!$A:$A,A24,回路定義!$B:$B,M24)=0),"／回路1が定義にない","")&IF(AND(P24<>"",COUNTIFS(回路定義!$A:$A,A24,回路定義!$B:$B,P24)=0),"／回路2が定義にない","")&IF(AND(S24<>"",COUNTIFS(回路定義!$A:$A,A24,回路定義!$B:$B,S24)=0),"／回路3が定義にない",""),2,300)))
A25: E24-S8-2 | B25: 両面 | C25: 16 | D25: 1 | E25: =IF(C25="","",C25+D25-1) | F25: Dell S4148T-4 | G25: H2005296 | I25: SW | J25: 4.5 | K25: 100 | L25: 2 | M25: 100V 20A （1） | N25: 0.5 | O25: 1 | P25: 100V 20A （2） | Q25: 0.5 | R25: 1 | V25: ○ | Y25: =COUNT(N25,Q25,T25) | Z25: =IF(OR(K25="",NOT(ISNUMBER(K25))),"",K25*SUM(N25,Q25,T25)) | AA25: =IF(OR(Y25=0,N25=""),"",N25/Y25) | AB25: =IF(OR(Y25=0,Q25=""),"",Q25/Y25) | AC25: =IF(OR(Y25=0,T25=""),"",T25/Y25) | AD25: =IF(F25="","",IF((IF(AND(Y25=0,NOT(SUMPRODUCT(--ISNUMBER(SEARCH({"棚板","棚","アングル","ｱﾝｸﾞﾙ","使用不可","ケーブル","ｹｰﾌﾞﾙ","PatchPnael","パッチ","引き出し","引出","ブランク","ﾌﾞﾗﾝｸ","マネージ","ﾏﾈｰｼﾞ","PDU","ONU"},$F25&"")))>0),NOT(SUMPRODUCT(--ISNUMBER(SEARCH({"電源オフ","未投入","停止","未使用","撤去"},$X25&"")))>0)),"／電力が未記入","")&IF(AND(NOT(ISNUMBER(J25)),NOT(SUMPRODUCT(--ISNUMBER(SEARCH({"棚板","棚","アングル","ｱﾝｸﾞﾙ","使用不可","ケーブル","ｹｰﾌﾞﾙ","PatchPnael","パッチ","引き出し","引出","ブランク","ﾌﾞﾗﾝｸ","マネージ","ﾏﾈｰｼﾞ","PDU","ONU"},$F25&"")))>0)),"／重量が未記入","")&IF(AND(K25<>"",NOT(ISNUMBER(K25))),"／電圧が数値でない","")&IF(AND(N25<>"",NOT(ISNUMBER(N25))),"／電流が数値でない","")&IF(AND(C25<>"",C25<1),"／開始Uが1未満","")&IF(AND(E25<>"",E25>IFERROR(VLOOKUP(A25,ラック定義!$A:$B,2,FALSE),47)),"／総Uをはみ出す","")&IF(AND(A25<>"",COUNTIF(ラック定義!$A:$A,A25)=0),"／ラックが定義にない","")&IF(AND(SUMPRODUCT((機器台帳!$A$2:$A$400=$A25)*((機器台帳!$B$2:$B$400=$B25)+(機器台帳!$B$2:$B$400="両面")+($B25="両面")>0)*(機器台帳!$C$2:$C$400<=$C25+$D25-1)*(機器台帳!$C$2:$C$400+機器台帳!$D$2:$D$400-1>=$C25)*(機器台帳!$F$2:$F$400<>""))-1>0,NOT(SUMPRODUCT(--ISNUMBER(SEARCH({"棚板","棚","アングル","ｱﾝｸﾞﾙ","使用不可","ケーブル","ｹｰﾌﾞﾙ","PatchPnael","パッチ","引き出し","引出","ブランク","ﾌﾞﾗﾝｸ","マネージ","ﾏﾈｰｼﾞ","PDU","ONU"},$F25&"")))>0)),"／同じUに他の機器(横並びなら正常)","")&IF(AND(M25<>"",COUNTIFS(回路定義!$A:$A,A25,回路定義!$B:$B,M25)=0),"／回路1が定義にない","")&IF(AND(P25<>"",COUNTIFS(回路定義!$A:$A,A25,回路定義!$B:$B,P25)=0),"／回路2が定義にない","")&IF(AND(S25<>"",COUNTIFS(回路定義!$A:$A,A25,回路定義!$B:$B,S25)=0),"／回路3が定義にない",""))="","",MID(IF(AND(Y25=0,NOT(SUMPRODUCT(--ISNUMBER(SEARCH({"棚板","棚","アングル","ｱﾝｸﾞﾙ","使用不可","ケーブル","ｹｰﾌﾞﾙ","PatchPnael","パッチ","引き出し","引出","ブランク","ﾌﾞﾗﾝｸ","マネージ","ﾏﾈｰｼﾞ","PDU","ONU"},$F25&"")))>0),NOT(SUMPRODUCT(--ISNUMBER(SEARCH({"電源オフ","未投入","停止","未使用","撤去"},$X25&"")))>0)),"／電力が未記入","")&IF(AND(NOT(ISNUMBER(J25)),NOT(SUMPRODUCT(--ISNUMBER(SEARCH({"棚板","棚","アングル","ｱﾝｸﾞﾙ","使用不可","ケーブル","ｹｰﾌﾞﾙ","PatchPnael","パッチ","引き出し","引出","ブランク","ﾌﾞﾗﾝｸ","マネージ","ﾏﾈｰｼﾞ","PDU","ONU"},$F25&"")))>0)),"／重量が未記入","")&IF(AND(K25<>"",NOT(ISNUMBER(K25))),"／電圧が数値でない","")&IF(AND(N25<>"",NOT(ISNUMBER(N25))),"／電流が数値でない","")&IF(AND(C25<>"",C25<1),"／開始Uが1未満","")&IF(AND(E25<>"",E25>IFERROR(VLOOKUP(A25,ラック定義!$A:$B,2,FALSE),47)),"／総Uをはみ出す","")&IF(AND(A25<>"",COUNTIF(ラック定義!$A:$A,A25)=0),"／ラックが定義にない","")&IF(AND(SUMPRODUCT((機器台帳!$A$2:$A$400=$A25)*((機器台帳!$B$2:$B$400=$B25)+(機器台帳!$B$2:$B$400="両面")+($B25="両面")>0)*(機器台帳!$C$2:$C$400<=$C25+$D25-1)*(機器台帳!$C$2:$C$400+機器台帳!$D$2:$D$400-1>=$C25)*(機器台帳!$F$2:$F$400<>""))-1>0,NOT(SUMPRODUCT(--ISNUMBER(SEARCH({"棚板","棚","アングル","ｱﾝｸﾞﾙ","使用不可","ケーブル","ｹｰﾌﾞﾙ","PatchPnael","パッチ","引き出し","引出","ブランク","ﾌﾞﾗﾝｸ","マネージ","ﾏﾈｰｼﾞ","PDU","ONU"},$F25&"")))>0)),"／同じUに他の機器(横並びなら正常)","")&IF(AND(M25<>"",COUNTIFS(回路定義!$A:$A,A25,回路定義!$B:$B,M25)=0),"／回路1が定義にない","")&IF(AND(P25<>"",COUNTIFS(回路定義!$A:$A,A25,回路定義!$B:$B,P25)=0),"／回路2が定義にない","")&IF(AND(S25<>"",COUNTIFS(回路定義!$A:$A,A25,回路定義!$B:$B,S25)=0),"／回路3が定義にない",""),2,300)))
A26: E24-S8-2 | B26: 両面 | C26: 16 | D26: 1 | E26: =IF(C26="","",C26+D26-1) | F26: Dell S4148T-3 | G26: H2005295 | I26: SW | V26: ○ | Y26: =COUNT(N26,Q26,T26) | Z26: =IF(OR(K26="",NOT(ISNUMBER(K26))),"",K26*SUM(N26,Q26,T26)) | AA26: =IF(OR(Y26=0,N26=""),"",N26/Y26) | AB26: =IF(OR(Y26=0,Q26=""),"",Q26/Y26) | AC26: =IF(OR(Y26=0,T26=""),"",T26/Y26) | AD26: =IF(F26="","",IF((IF(AND(Y26=0,NOT(SUMPRODUCT(--ISNUMBER(SEARCH({"棚板","棚","アングル","ｱﾝｸﾞﾙ","使用不可","ケーブル","ｹｰﾌﾞﾙ","PatchPnael","パッチ","引き出し","引出","ブランク","ﾌﾞﾗﾝｸ","マネージ","ﾏﾈｰｼﾞ","PDU","ONU"},$F26&"")))>0),NOT(SUMPRODUCT(--ISNUMBER(SEARCH({"電源オフ","未投入","停止","未使用","撤去"},$X26&"")))>0)),"／電力が未記入","")&IF(AND(NOT(ISNUMBER(J26)),NOT(SUMPRODUCT(--ISNUMBER(SEARCH({"棚板","棚","アングル","ｱﾝｸﾞﾙ","使用不可","ケーブル","ｹｰﾌﾞﾙ","PatchPnael","パッチ","引き出し","引出","ブランク","ﾌﾞﾗﾝｸ","マネージ","ﾏﾈｰｼﾞ","PDU","ONU"},$F26&"")))>0)),"／重量が未記入","")&IF(AND(K26<>"",NOT(ISNUMBER(K26))),"／電圧が数値でない","")&IF(AND(N26<>"",NOT(ISNUMBER(N26))),"／電流が数値でない","")&IF(AND(C26<>"",C26<1),"／開始Uが1未満","")&IF(AND(E26<>"",E26>IFERROR(VLOOKUP(A26,ラック定義!$A:$B,2,FALSE),47)),"／総Uをはみ出す","")&IF(AND(A26<>"",COUNTIF(ラック定義!$A:$A,A26)=0),"／ラックが定義にない","")&IF(AND(SUMPRODUCT((機器台帳!$A$2:$A$400=$A26)*((機器台帳!$B$2:$B$400=$B26)+(機器台帳!$B$2:$B$400="両面")+($B26="両面")>0)*(機器台帳!$C$2:$C$400<=$C26+$D26-1)*(機器台帳!$C$2:$C$400+機器台帳!$D$2:$D$400-1>=$C26)*(機器台帳!$F$2:$F$400<>""))-1>0,NOT(SUMPRODUCT(--ISNUMBER(SEARCH({"棚板","棚","アングル","ｱﾝｸﾞﾙ","使用不可","ケーブル","ｹｰﾌﾞﾙ","PatchPnael","パッチ","引き出し","引出","ブランク","ﾌﾞﾗﾝｸ","マネージ","ﾏﾈｰｼﾞ","PDU","ONU"},$F26&"")))>0)),"／同じUに他の機器(横並びなら正常)","")&IF(AND(M26<>"",COUNTIFS(回路定義!$A:$A,A26,回路定義!$B:$B,M26)=0),"／回路1が定義にない","")&IF(AND(P26<>"",COUNTIFS(回路定義!$A:$A,A26,回路定義!$B:$B,P26)=0),"／回路2が定義にない","")&IF(AND(S26<>"",COUNTIFS(回路定義!$A:$A,A26,回路定義!$B:$B,S26)=0),"／回路3が定義にない",""))="","",MID(IF(AND(Y26=0,NOT(SUMPRODUCT(--ISNUMBER(SEARCH({"棚板","棚","アングル","ｱﾝｸﾞﾙ","使用不可","ケーブル","ｹｰﾌﾞﾙ","PatchPnael","パッチ","引き出し","引出","ブランク","ﾌﾞﾗﾝｸ","マネージ","ﾏﾈｰｼﾞ","PDU","ONU"},$F26&"")))>0),NOT(SUMPRODUCT(--ISNUMBER(SEARCH({"電源オフ","未投入","停止","未使用","撤去"},$X26&"")))>0)),"／電力が未記入","")&IF(AND(NOT(ISNUMBER(J26)),NOT(SUMPRODUCT(--ISNUMBER(SEARCH({"棚板","棚","アングル","ｱﾝｸﾞﾙ","使用不可","ケーブル","ｹｰﾌﾞﾙ","PatchPnael","パッチ","引き出し","引出","ブランク","ﾌﾞﾗﾝｸ","マネージ","ﾏﾈｰｼﾞ","PDU","ONU"},$F26&"")))>0)),"／重量が未記入","")&IF(AND(K26<>"",NOT(ISNUMBER(K26))),"／電圧が数値でない","")&IF(AND(N26<>"",NOT(ISNUMBER(N26))),"／電流が数値でない","")&IF(AND(C26<>"",C26<1),"／開始Uが1未満","")&IF(AND(E26<>"",E26>IFERROR(VLOOKUP(A26,ラック定義!$A:$B,2,FALSE),47)),"／総Uをはみ出す","")&IF(AND(A26<>"",COUNTIF(ラック定義!$A:$A,A26)=0),"／ラックが定義にない","")&IF(AND(SUMPRODUCT((機器台帳!$A$2:$A$400=$A26)*((機器台帳!$B$2:$B$400=$B26)+(機器台帳!$B$2:$B$400="両面")+($B26="両面")>0)*(機器台帳!$C$2:$C$400<=$C26+$D26-1)*(機器台帳!$C$2:$C$400+機器台帳!$D$2:$D$400-1>=$C26)*(機器台帳!$F$2:$F$400<>""))-1>0,NOT(SUMPRODUCT(--ISNUMBER(SEARCH({"棚板","棚","アングル","ｱﾝｸﾞﾙ","使用不可","ケーブル","ｹｰﾌﾞﾙ","PatchPnael","パッチ","引き出し","引出","ブランク","ﾌﾞﾗﾝｸ","マネージ","ﾏﾈｰｼﾞ","PDU","ONU"},$F26&"")))>0)),"／同じUに他の機器(横並びなら正常)","")&IF(AND(M26<>"",COUNTIFS(回路定義!$A:$A,A26,回路定義!$B:$B,M26)=0),"／回路1が定義にない","")&IF(AND(P26<>"",COUNTIFS(回路定義!$A:$A,A26,回路定義!$B:$B,P26)=0),"／回路2が定義にない","")&IF(AND(S26<>"",COUNTIFS(回路定義!$A:$A,A26,回路定義!$B:$B,S26)=0),"／回路3が定義にない",""),2,300)))
A27: E24-S8-2 | B27: 両面 | C27: 4 | D27: 2 | E27: =IF(C27="","",C27+D27-1) | F27: 200V Rack PDU | G27: H1918631 | J27: 10 | V27: 前留 | X27: L6-30R * 1回路×1口 | Y27: =COUNT(N27,Q27,T27) | Z27: =IF(OR(K27="",NOT(ISNUMBER(K27))),"",K27*SUM(N27,Q27,T27)) | AA27: =IF(OR(Y27=0,N27=""),"",N27/Y27) | AB27: =IF(OR(Y27=0,Q27=""),"",Q27/Y27) | AC27: =IF(OR(Y27=0,T27=""),"",T27/Y27) | AD27: =IF(F27="","",IF((IF(AND(Y27=0,NOT(SUMPRODUCT(--ISNUMBER(SEARCH({"棚板","棚","アングル","ｱﾝｸﾞﾙ","使用不可","ケーブル","ｹｰﾌﾞﾙ","PatchPnael","パッチ","引き出し","引出","ブランク","ﾌﾞﾗﾝｸ","マネージ","ﾏﾈｰｼﾞ","PDU","ONU"},$F27&"")))>0),NOT(SUMPRODUCT(--ISNUMBER(SEARCH({"電源オフ","未投入","停止","未使用","撤去"},$X27&"")))>0)),"／電力が未記入","")&IF(AND(NOT(ISNUMBER(J27)),NOT(SUMPRODUCT(--ISNUMBER(SEARCH({"棚板","棚","アングル","ｱﾝｸﾞﾙ","使用不可","ケーブル","ｹｰﾌﾞﾙ","PatchPnael","パッチ","引き出し","引出","ブランク","ﾌﾞﾗﾝｸ","マネージ","ﾏﾈｰｼﾞ","PDU","ONU"},$F27&"")))>0)),"／重量が未記入","")&IF(AND(K27<>"",NOT(ISNUMBER(K27))),"／電圧が数値でない","")&IF(AND(N27<>"",NOT(ISNUMBER(N27))),"／電流が数値でない","")&IF(AND(C27<>"",C27<1),"／開始Uが1未満","")&IF(AND(E27<>"",E27>IFERROR(VLOOKUP(A27,ラック定義!$A:$B,2,FALSE),47)),"／総Uをはみ出す","")&IF(AND(A27<>"",COUNTIF(ラック定義!$A:$A,A27)=0),"／ラックが定義にない","")&IF(AND(SUMPRODUCT((機器台帳!$A$2:$A$400=$A27)*((機器台帳!$B$2:$B$400=$B27)+(機器台帳!$B$2:$B$400="両面")+($B27="両面")>0)*(機器台帳!$C$2:$C$400<=$C27+$D27-1)*(機器台帳!$C$2:$C$400+機器台帳!$D$2:$D$400-1>=$C27)*(機器台帳!$F$2:$F$400<>""))-1>0,NOT(SUMPRODUCT(--ISNUMBER(SEARCH({"棚板","棚","アングル","ｱﾝｸﾞﾙ","使用不可","ケーブル","ｹｰﾌﾞﾙ","PatchPnael","パッチ","引き出し","引出","ブランク","ﾌﾞﾗﾝｸ","マネージ","ﾏﾈｰｼﾞ","PDU","ONU"},$F27&"")))>0)),"／同じUに他の機器(横並びなら正常)","")&IF(AND(M27<>"",COUNTIFS(回路定義!$A:$A,A27,回路定義!$B:$B,M27)=0),"／回路1が定義にない","")&IF(AND(P27<>"",COUNTIFS(回路定義!$A:$A,A27,回路定義!$B:$B,P27)=0),"／回路2が定義にない","")&IF(AND(S27<>"",COUNTIFS(回路定義!$A:$A,A27,回路定義!$B:$B,S27)=0),"／回路3が定義にない",""))="","",MID(IF(AND(Y27=0,NOT(SUMPRODUCT(--ISNUMBER(SEARCH({"棚板","棚","アングル","ｱﾝｸﾞﾙ","使用不可","ケーブル","ｹｰﾌﾞﾙ","PatchPnael","パッチ","引き出し","引出","ブランク","ﾌﾞﾗﾝｸ","マネージ","ﾏﾈｰｼﾞ","PDU","ONU"},$F27&"")))>0),NOT(SUMPRODUCT(--ISNUMBER(SEARCH({"電源オフ","未投入","停止","未使用","撤去"},$X27&"")))>0)),"／電力が未記入","")&IF(AND(NOT(ISNUMBER(J27)),NOT(SUMPRODUCT(--ISNUMBER(SEARCH({"棚板","棚","アングル","ｱﾝｸﾞﾙ","使用不可","ケーブル","ｹｰﾌﾞﾙ","PatchPnael","パッチ","引き出し","引出","ブランク","ﾌﾞﾗﾝｸ","マネージ","ﾏﾈｰｼﾞ","PDU","ONU"},$F27&"")))>0)),"／重量が未記入","")&IF(AND(K27<>"",NOT(ISNUMBER(K27))),"／電圧が数値でない","")&IF(AND(N27<>"",NOT(ISNUMBER(N27))),"／電流が数値でない","")&IF(AND(C27<>"",C27<1),"／開始Uが1未満","")&IF(AND(E27<>"",E27>IFERROR(VLOOKUP(A27,ラック定義!$A:$B,2,FALSE),47)),"／総Uをはみ出す","")&IF(AND(A27<>"",COUNTIF(ラック定義!$A:$A,A27)=0),"／ラックが定義にない","")&IF(AND(SUMPRODUCT((機器台帳!$A$2:$A$400=$A27)*((機器台帳!$B$2:$B$400=$B27)+(機器台帳!$B$2:$B$400="両面")+($B27="両面")>0)*(機器台帳!$C$2:$C$400<=$C27+$D27-1)*(機器台帳!$C$2:$C$400+機器台帳!$D$2:$D$400-1>=$C27)*(機器台帳!$F$2:$F$400<>""))-1>0,NOT(SUMPRODUCT(--ISNUMBER(SEARCH({"棚板","棚","アングル","ｱﾝｸﾞﾙ","使用不可","ケーブル","ｹｰﾌﾞﾙ","PatchPnael","パッチ","引き出し","引出","ブランク","ﾌﾞﾗﾝｸ","マネージ","ﾏﾈｰｼﾞ","PDU","ONU"},$F27&"")))>0)),"／同じUに他の機器(横並びなら正常)","")&IF(AND(M27<>"",COUNTIFS(回路定義!$A:$A,A27,回路定義!$B:$B,M27)=0),"／回路1が定義にない","")&IF(AND(P27<>"",COUNTIFS(回路定義!$A:$A,A27,回路定義!$B:$B,P27)=0),"／回路2が定義にない","")&IF(AND(S27<>"",COUNTIFS(回路定義!$A:$A,A27,回路定義!$B:$B,S27)=0),"／回路3が定義にない",""),2,300)))
A28: E24-S8-2 | B28: 両面 | C28: 1 | D28: 3 | E28: =IF(C28="","",C28+D28-1) | F28: 使用不可 | Y28: =COUNT(N28,Q28,T28) | Z28: =IF(OR(K28="",NOT(ISNUMBER(K28))),"",K28*SUM(N28,Q28,T28)) | AA28: =IF(OR(Y28=0,N28=""),"",N28/Y28) | AB28: =IF(OR(Y28=0,Q28=""),"",Q28/Y28) | AC28: =IF(OR(Y28=0,T28=""),"",T28/Y28) | AD28: =IF(F28="","",IF((IF(AND(Y28=0,NOT(SUMPRODUCT(--ISNUMBER(SEARCH({"棚板","棚","アングル","ｱﾝｸﾞﾙ","使用不可","ケーブル","ｹｰﾌﾞﾙ","PatchPnael","パッチ","引き出し","引出","ブランク","ﾌﾞﾗﾝｸ","マネージ","ﾏﾈｰｼﾞ","PDU","ONU"},$F28&"")))>0),NOT(SUMPRODUCT(--ISNUMBER(SEARCH({"電源オフ","未投入","停止","未使用","撤去"},$X28&"")))>0)),"／電力が未記入","")&IF(AND(NOT(ISNUMBER(J28)),NOT(SUMPRODUCT(--ISNUMBER(SEARCH({"棚板","棚","アングル","ｱﾝｸﾞﾙ","使用不可","ケーブル","ｹｰﾌﾞﾙ","PatchPnael","パッチ","引き出し","引出","ブランク","ﾌﾞﾗﾝｸ","マネージ","ﾏﾈｰｼﾞ","PDU","ONU"},$F28&"")))>0)),"／重量が未記入","")&IF(AND(K28<>"",NOT(ISNUMBER(K28))),"／電圧が数値でない","")&IF(AND(N28<>"",NOT(ISNUMBER(N28))),"／電流が数値でない","")&IF(AND(C28<>"",C28<1),"／開始Uが1未満","")&IF(AND(E28<>"",E28>IFERROR(VLOOKUP(A28,ラック定義!$A:$B,2,FALSE),47)),"／総Uをはみ出す","")&IF(AND(A28<>"",COUNTIF(ラック定義!$A:$A,A28)=0),"／ラックが定義にない","")&IF(AND(SUMPRODUCT((機器台帳!$A$2:$A$400=$A28)*((機器台帳!$B$2:$B$400=$B28)+(機器台帳!$B$2:$B$400="両面")+($B28="両面")>0)*(機器台帳!$C$2:$C$400<=$C28+$D28-1)*(機器台帳!$C$2:$C$400+機器台帳!$D$2:$D$400-1>=$C28)*(機器台帳!$F$2:$F$400<>""))-1>0,NOT(SUMPRODUCT(--ISNUMBER(SEARCH({"棚板","棚","アングル","ｱﾝｸﾞﾙ","使用不可","ケーブル","ｹｰﾌﾞﾙ","PatchPnael","パッチ","引き出し","引出","ブランク","ﾌﾞﾗﾝｸ","マネージ","ﾏﾈｰｼﾞ","PDU","ONU"},$F28&"")))>0)),"／同じUに他の機器(横並びなら正常)","")&IF(AND(M28<>"",COUNTIFS(回路定義!$A:$A,A28,回路定義!$B:$B,M28)=0),"／回路1が定義にない","")&IF(AND(P28<>"",COUNTIFS(回路定義!$A:$A,A28,回路定義!$B:$B,P28)=0),"／回路2が定義にない","")&IF(AND(S28<>"",COUNTIFS(回路定義!$A:$A,A28,回路定義!$B:$B,S28)=0),"／回路3が定義にない",""))="","",MID(IF(AND(Y28=0,NOT(SUMPRODUCT(--ISNUMBER(SEARCH({"棚板","棚","アングル","ｱﾝｸﾞﾙ","使用不可","ケーブル","ｹｰﾌﾞﾙ","PatchPnael","パッチ","引き出し","引出","ブランク","ﾌﾞﾗﾝｸ","マネージ","ﾏﾈｰｼﾞ","PDU","ONU"},$F28&"")))>0),NOT(SUMPRODUCT(--ISNUMBER(SEARCH({"電源オフ","未投入","停止","未使用","撤去"},$X28&"")))>0)),"／電力が未記入","")&IF(AND(NOT(ISNUMBER(J28)),NOT(SUMPRODUCT(--ISNUMBER(SEARCH({"棚板","棚","アングル","ｱﾝｸﾞﾙ","使用不可","ケーブル","ｹｰﾌﾞﾙ","PatchPnael","パッチ","引き出し","引出","ブランク","ﾌﾞﾗﾝｸ","マネージ","ﾏﾈｰｼﾞ","PDU","ONU"},$F28&"")))>0)),"／重量が未記入","")&IF(AND(K28<>"",NOT(ISNUMBER(K28))),"／電圧が数値でない","")&IF(AND(N28<>"",NOT(ISNUMBER(N28))),"／電流が数値でない","")&IF(AND(C28<>"",C28<1),"／開始Uが1未満","")&IF(AND(E28<>"",E28>IFERROR(VLOOKUP(A28,ラック定義!$A:$B,2,FALSE),47)),"／総Uをはみ出す","")&IF(AND(A28<>"",COUNTIF(ラック定義!$A:$A,A28)=0),"／ラックが定義にない","")&IF(AND(SUMPRODUCT((機器台帳!$A$2:$A$400=$A28)*((機器台帳!$B$2:$B$400=$B28)+(機器台帳!$B$2:$B$400="両面")+($B28="両面")>0)*(機器台帳!$C$2:$C$400<=$C28+$D28-1)*(機器台帳!$C$2:$C$400+機器台帳!$D$2:$D$400-1>=$C28)*(機器台帳!$F$2:$F$400<>""))-1>0,NOT(SUMPRODUCT(--ISNUMBER(SEARCH({"棚板","棚","アングル","ｱﾝｸﾞﾙ","使用不可","ケーブル","ｹｰﾌﾞﾙ","PatchPnael","パッチ","引き出し","引出","ブランク","ﾌﾞﾗﾝｸ","マネージ","ﾏﾈｰｼﾞ","PDU","ONU"},$F28&"")))>0)),"／同じUに他の機器(横並びなら正常)","")&IF(AND(M28<>"",COUNTIFS(回路定義!$A:$A,A28,回路定義!$B:$B,M28)=0),"／回路1が定義にない","")&IF(AND(P28<>"",COUNTIFS(回路定義!$A:$A,A28,回路定義!$B:$B,P28)=0),"／回路2が定義にない","")&IF(AND(S28<>"",COUNTIFS(回路定義!$A:$A,A28,回路定義!$B:$B,S28)=0),"／回路3が定義にない",""),2,300)))
A29: E24-S8-2 | B29: 前面 | C29: 47 | D29: 1 | E29: =IF(C29="","",C29+D29-1) | F29: ｹｰﾌﾞﾙﾏﾈｰｼﾞﾒﾝﾄ | Y29: =COUNT(N29,Q29,T29) | Z29: =IF(OR(K29="",NOT(ISNUMBER(K29))),"",K29*SUM(N29,Q29,T29)) | AA29: =IF(OR(Y29=0,N29=""),"",N29/Y29) | AB29: =IF(OR(Y29=0,Q29=""),"",Q29/Y29) | AC29: =IF(OR(Y29=0,T29=""),"",T29/Y29) | AD29: =IF(F29="","",IF((IF(AND(Y29=0,NOT(SUMPRODUCT(--ISNUMBER(SEARCH({"棚板","棚","アングル","ｱﾝｸﾞﾙ","使用不可","ケーブル","ｹｰﾌﾞﾙ","PatchPnael","パッチ","引き出し","引出","ブランク","ﾌﾞﾗﾝｸ","マネージ","ﾏﾈｰｼﾞ","PDU","ONU"},$F29&"")))>0),NOT(SUMPRODUCT(--ISNUMBER(SEARCH({"電源オフ","未投入","停止","未使用","撤去"},$X29&"")))>0)),"／電力が未記入","")&IF(AND(NOT(ISNUMBER(J29)),NOT(SUMPRODUCT(--ISNUMBER(SEARCH({"棚板","棚","アングル","ｱﾝｸﾞﾙ","使用不可","ケーブル","ｹｰﾌﾞﾙ","PatchPnael","パッチ","引き出し","引出","ブランク","ﾌﾞﾗﾝｸ","マネージ","ﾏﾈｰｼﾞ","PDU","ONU"},$F29&"")))>0)),"／重量が未記入","")&IF(AND(K29<>"",NOT(ISNUMBER(K29))),"／電圧が数値でない","")&IF(AND(N29<>"",NOT(ISNUMBER(N29))),"／電流が数値でない","")&IF(AND(C29<>"",C29<1),"／開始Uが1未満","")&IF(AND(E29<>"",E29>IFERROR(VLOOKUP(A29,ラック定義!$A:$B,2,FALSE),47)),"／総Uをはみ出す","")&IF(AND(A29<>"",COUNTIF(ラック定義!$A:$A,A29)=0),"／ラックが定義にない","")&IF(AND(SUMPRODUCT((機器台帳!$A$2:$A$400=$A29)*((機器台帳!$B$2:$B$400=$B29)+(機器台帳!$B$2:$B$400="両面")+($B29="両面")>0)*(機器台帳!$C$2:$C$400<=$C29+$D29-1)*(機器台帳!$C$2:$C$400+機器台帳!$D$2:$D$400-1>=$C29)*(機器台帳!$F$2:$F$400<>""))-1>0,NOT(SUMPRODUCT(--ISNUMBER(SEARCH({"棚板","棚","アングル","ｱﾝｸﾞﾙ","使用不可","ケーブル","ｹｰﾌﾞﾙ","PatchPnael","パッチ","引き出し","引出","ブランク","ﾌﾞﾗﾝｸ","マネージ","ﾏﾈｰｼﾞ","PDU","ONU"},$F29&"")))>0)),"／同じUに他の機器(横並びなら正常)","")&IF(AND(M29<>"",COUNTIFS(回路定義!$A:$A,A29,回路定義!$B:$B,M29)=0),"／回路1が定義にない","")&IF(AND(P29<>"",COUNTIFS(回路定義!$A:$A,A29,回路定義!$B:$B,P29)=0),"／回路2が定義にない","")&IF(AND(S29<>"",COUNTIFS(回路定義!$A:$A,A29,回路定義!$B:$B,S29)=0),"／回路3が定義にない",""))="","",MID(IF(AND(Y29=0,NOT(SUMPRODUCT(--ISNUMBER(SEARCH({"棚板","棚","アングル","ｱﾝｸﾞﾙ","使用不可","ケーブル","ｹｰﾌﾞﾙ","PatchPnael","パッチ","引き出し","引出","ブランク","ﾌﾞﾗﾝｸ","マネージ","ﾏﾈｰｼﾞ","PDU","ONU"},$F29&"")))>0),NOT(SUMPRODUCT(--ISNUMBER(SEARCH({"電源オフ","未投入","停止","未使用","撤去"},$X29&"")))>0)),"／電力が未記入","")&IF(AND(NOT(ISNUMBER(J29)),NOT(SUMPRODUCT(--ISNUMBER(SEARCH({"棚板","棚","アングル","ｱﾝｸﾞﾙ","使用不可","ケーブル","ｹｰﾌﾞﾙ","PatchPnael","パッチ","引き出し","引出","ブランク","ﾌﾞﾗﾝｸ","マネージ","ﾏﾈｰｼﾞ","PDU","ONU"},$F29&"")))>0)),"／重量が未記入","")&IF(AND(K29<>"",NOT(ISNUMBER(K29))),"／電圧が数値でない","")&IF(AND(N29<>"",NOT(ISNUMBER(N29))),"／電流が数値でない","")&IF(AND(C29<>"",C29<1),"／開始Uが1未満","")&IF(AND(E29<>"",E29>IFERROR(VLOOKUP(A29,ラック定義!$A:$B,2,FALSE),47)),"／総Uをはみ出す","")&IF(AND(A29<>"",COUNTIF(ラック定義!$A:$A,A29)=0),"／ラックが定義にない","")&IF(AND(SUMPRODUCT((機器台帳!$A$2:$A$400=$A29)*((機器台帳!$B$2:$B$400=$B29)+(機器台帳!$B$2:$B$400="両面")+($B29="両面")>0)*(機器台帳!$C$2:$C$400<=$C29+$D29-1)*(機器台帳!$C$2:$C$400+機器台帳!$D$2:$D$400-1>=$C29)*(機器台帳!$F$2:$F$400<>""))-1>0,NOT(SUMPRODUCT(--ISNUMBER(SEARCH({"棚板","棚","アングル","ｱﾝｸﾞﾙ","使用不可","ケーブル","ｹｰﾌﾞﾙ","PatchPnael","パッチ","引き出し","引出","ブランク","ﾌﾞﾗﾝｸ","マネージ","ﾏﾈｰｼﾞ","PDU","ONU"},$F29&"")))>0)),"／同じUに他の機器(横並びなら正常)","")&IF(AND(M29<>"",COUNTIFS(回路定義!$A:$A,A29,回路定義!$B:$B,M29)=0),"／回路1が定義にない","")&IF(AND(P29<>"",COUNTIFS(回路定義!$A:$A,A29,回路定義!$B:$B,P29)=0),"／回路2が定義にない","")&IF(AND(S29<>"",COUNTIFS(回路定義!$A:$A,A29,回路定義!$B:$B,S29)=0),"／回路3が定義にない",""),2,300)))
A30: E24-S8-2 | B30: 背面 | C30: 47 | D30: 1 | E30: =IF(C30="","",C30+D30-1) | F30: ｹｰﾌﾞﾙﾏﾈｰｼﾞﾒﾝﾄ（背面） | Y30: =COUNT(N30,Q30,T30) | Z30: =IF(OR(K30="",NOT(ISNUMBER(K30))),"",K30*SUM(N30,Q30,T30)) | AA30: =IF(OR(Y30=0,N30=""),"",N30/Y30) | AB30: =IF(OR(Y30=0,Q30=""),"",Q30/Y30) | AC30: =IF(OR(Y30=0,T30=""),"",T30/Y30) | AD30: =IF(F30="","",IF((IF(AND(Y30=0,NOT(SUMPRODUCT(--ISNUMBER(SEARCH({"棚板","棚","アングル","ｱﾝｸﾞﾙ","使用不可","ケーブル","ｹｰﾌﾞﾙ","PatchPnael","パッチ","引き出し","引出","ブランク","ﾌﾞﾗﾝｸ","マネージ","ﾏﾈｰｼﾞ","PDU","ONU"},$F30&"")))>0),NOT(SUMPRODUCT(--ISNUMBER(SEARCH({"電源オフ","未投入","停止","未使用","撤去"},$X30&"")))>0)),"／電力が未記入","")&IF(AND(NOT(ISNUMBER(J30)),NOT(SUMPRODUCT(--ISNUMBER(SEARCH({"棚板","棚","アングル","ｱﾝｸﾞﾙ","使用不可","ケーブル","ｹｰﾌﾞﾙ","PatchPnael","パッチ","引き出し","引出","ブランク","ﾌﾞﾗﾝｸ","マネージ","ﾏﾈｰｼﾞ","PDU","ONU"},$F30&"")))>0)),"／重量が未記入","")&IF(AND(K30<>"",NOT(ISNUMBER(K30))),"／電圧が数値でない","")&IF(AND(N30<>"",NOT(ISNUMBER(N30))),"／電流が数値でない","")&IF(AND(C30<>"",C30<1),"／開始Uが1未満","")&IF(AND(E30<>"",E30>IFERROR(VLOOKUP(A30,ラック定義!$A:$B,2,FALSE),47)),"／総Uをはみ出す","")&IF(AND(A30<>"",COUNTIF(ラック定義!$A:$A,A30)=0),"／ラックが定義にない","")&IF(AND(SUMPRODUCT((機器台帳!$A$2:$A$400=$A30)*((機器台帳!$B$2:$B$400=$B30)+(機器台帳!$B$2:$B$400="両面")+($B30="両面")>0)*(機器台帳!$C$2:$C$400<=$C30+$D30-1)*(機器台帳!$C$2:$C$400+機器台帳!$D$2:$D$400-1>=$C30)*(機器台帳!$F$2:$F$400<>""))-1>0,NOT(SUMPRODUCT(--ISNUMBER(SEARCH({"棚板","棚","アングル","ｱﾝｸﾞﾙ","使用不可","ケーブル","ｹｰﾌﾞﾙ","PatchPnael","パッチ","引き出し","引出","ブランク","ﾌﾞﾗﾝｸ","マネージ","ﾏﾈｰｼﾞ","PDU","ONU"},$F30&"")))>0)),"／同じUに他の機器(横並びなら正常)","")&IF(AND(M30<>"",COUNTIFS(回路定義!$A:$A,A30,回路定義!$B:$B,M30)=0),"／回路1が定義にない","")&IF(AND(P30<>"",COUNTIFS(回路定義!$A:$A,A30,回路定義!$B:$B,P30)=0),"／回路2が定義にない","")&IF(AND(S30<>"",COUNTIFS(回路定義!$A:$A,A30,回路定義!$B:$B,S30)=0),"／回路3が定義にない",""))="","",MID(IF(AND(Y30=0,NOT(SUMPRODUCT(--ISNUMBER(SEARCH({"棚板","棚","アングル","ｱﾝｸﾞﾙ","使用不可","ケーブル","ｹｰﾌﾞﾙ","PatchPnael","パッチ","引き出し","引出","ブランク","ﾌﾞﾗﾝｸ","マネージ","ﾏﾈｰｼﾞ","PDU","ONU"},$F30&"")))>0),NOT(SUMPRODUCT(--ISNUMBER(SEARCH({"電源オフ","未投入","停止","未使用","撤去"},$X30&"")))>0)),"／電力が未記入","")&IF(AND(NOT(ISNUMBER(J30)),NOT(SUMPRODUCT(--ISNUMBER(SEARCH({"棚板","棚","アングル","ｱﾝｸﾞﾙ","使用不可","ケーブル","ｹｰﾌﾞﾙ","PatchPnael","パッチ","引き出し","引出","ブランク","ﾌﾞﾗﾝｸ","マネージ","ﾏﾈｰｼﾞ","PDU","ONU"},$F30&"")))>0)),"／重量が未記入","")&IF(AND(K30<>"",NOT(ISNUMBER(K30))),"／電圧が数値でない","")&IF(AND(N30<>"",NOT(ISNUMBER(N30))),"／電流が数値でない","")&IF(AND(C30<>"",C30<1),"／開始Uが1未満","")&IF(AND(E30<>"",E30>IFERROR(VLOOKUP(A30,ラック定義!$A:$B,2,FALSE),47)),"／総Uをはみ出す","")&IF(AND(A30<>"",COUNTIF(ラック定義!$A:$A,A30)=0),"／ラックが定義にない","")&IF(AND(SUMPRODUCT((機器台帳!$A$2:$A$400=$A30)*((機器台帳!$B$2:$B$400=$B30)+(機器台帳!$B$2:$B$400="両面")+($B30="両面")>0)*(機器台帳!$C$2:$C$400<=$C30+$D30-1)*(機器台帳!$C$2:$C$400+機器台帳!$D$2:$D$400-1>=$C30)*(機器台帳!$F$2:$F$400<>""))-1>0,NOT(SUMPRODUCT(--ISNUMBER(SEARCH({"棚板","棚","アングル","ｱﾝｸﾞﾙ","使用不可","ケーブル","ｹｰﾌﾞﾙ","PatchPnael","パッチ","引き出し","引出","ブランク","ﾌﾞﾗﾝｸ","マネージ","ﾏﾈｰｼﾞ","PDU","ONU"},$F30&"")))>0)),"／同じUに他の機器(横並びなら正常)","")&IF(AND(M30<>"",COUNTIFS(回路定義!$A:$A,A30,回路定義!$B:$B,M30)=0),"／回路1が定義にない","")&IF(AND(P30<>"",COUNTIFS(回路定義!$A:$A,A30,回路定義!$B:$B,P30)=0),"／回路2が定義にない","")&IF(AND(S30<>"",COUNTIFS(回路定義!$A:$A,A30,回路定義!$B:$B,S30)=0),"／回路3が定義にない",""),2,300)))
A31: E24-S8-2 | B31: 前面 | C31: 46 | D31: 1 | E31: =IF(C31="","",C31+D31-1) | F31: UTP 12port PatchPnael(前面) | Y31: =COUNT(N31,Q31,T31) | Z31: =IF(OR(K31="",NOT(ISNUMBER(K31))),"",K31*SUM(N31,Q31,T31)) | AA31: =IF(OR(Y31=0,N31=""),"",N31/Y31) | AB31: =IF(OR(Y31=0,Q31=""),"",Q31/Y31) | AC31: =IF(OR(Y31=0,T31=""),"",T31/Y31) | AD31: =IF(F31="","",IF((IF(AND(Y31=0,NOT(SUMPRODUCT(--ISNUMBER(SEARCH({"棚板","棚","アングル","ｱﾝｸﾞﾙ","使用不可","ケーブル","ｹｰﾌﾞﾙ","PatchPnael","パッチ","引き出し","引出","ブランク","ﾌﾞﾗﾝｸ","マネージ","ﾏﾈｰｼﾞ","PDU","ONU"},$F31&"")))>0),NOT(SUMPRODUCT(--ISNUMBER(SEARCH({"電源オフ","未投入","停止","未使用","撤去"},$X31&"")))>0)),"／電力が未記入","")&IF(AND(NOT(ISNUMBER(J31)),NOT(SUMPRODUCT(--ISNUMBER(SEARCH({"棚板","棚","アングル","ｱﾝｸﾞﾙ","使用不可","ケーブル","ｹｰﾌﾞﾙ","PatchPnael","パッチ","引き出し","引出","ブランク","ﾌﾞﾗﾝｸ","マネージ","ﾏﾈｰｼﾞ","PDU","ONU"},$F31&"")))>0)),"／重量が未記入","")&IF(AND(K31<>"",NOT(ISNUMBER(K31))),"／電圧が数値でない","")&IF(AND(N31<>"",NOT(ISNUMBER(N31))),"／電流が数値でない","")&IF(AND(C31<>"",C31<1),"／開始Uが1未満","")&IF(AND(E31<>"",E31>IFERROR(VLOOKUP(A31,ラック定義!$A:$B,2,FALSE),47)),"／総Uをはみ出す","")&IF(AND(A31<>"",COUNTIF(ラック定義!$A:$A,A31)=0),"／ラックが定義にない","")&IF(AND(SUMPRODUCT((機器台帳!$A$2:$A$400=$A31)*((機器台帳!$B$2:$B$400=$B31)+(機器台帳!$B$2:$B$400="両面")+($B31="両面")>0)*(機器台帳!$C$2:$C$400<=$C31+$D31-1)*(機器台帳!$C$2:$C$400+機器台帳!$D$2:$D$400-1>=$C31)*(機器台帳!$F$2:$F$400<>""))-1>0,NOT(SUMPRODUCT(--ISNUMBER(SEARCH({"棚板","棚","アングル","ｱﾝｸﾞﾙ","使用不可","ケーブル","ｹｰﾌﾞﾙ","PatchPnael","パッチ","引き出し","引出","ブランク","ﾌﾞﾗﾝｸ","マネージ","ﾏﾈｰｼﾞ","PDU","ONU"},$F31&"")))>0)),"／同じUに他の機器(横並びなら正常)","")&IF(AND(M31<>"",COUNTIFS(回路定義!$A:$A,A31,回路定義!$B:$B,M31)=0),"／回路1が定義にない","")&IF(AND(P31<>"",COUNTIFS(回路定義!$A:$A,A31,回路定義!$B:$B,P31)=0),"／回路2が定義にない","")&IF(AND(S31<>"",COUNTIFS(回路定義!$A:$A,A31,回路定義!$B:$B,S31)=0),"／回路3が定義にない",""))="","",MID(IF(AND(Y31=0,NOT(SUMPRODUCT(--ISNUMBER(SEARCH({"棚板","棚","アングル","ｱﾝｸﾞﾙ","使用不可","ケーブル","ｹｰﾌﾞﾙ","PatchPnael","パッチ","引き出し","引出","ブランク","ﾌﾞﾗﾝｸ","マネージ","ﾏﾈｰｼﾞ","PDU","ONU"},$F31&"")))>0),NOT(SUMPRODUCT(--ISNUMBER(SEARCH({"電源オフ","未投入","停止","未使用","撤去"},$X31&"")))>0)),"／電力が未記入","")&IF(AND(NOT(ISNUMBER(J31)),NOT(SUMPRODUCT(--ISNUMBER(SEARCH({"棚板","棚","アングル","ｱﾝｸﾞﾙ","使用不可","ケーブル","ｹｰﾌﾞﾙ","PatchPnael","パッチ","引き出し","引出","ブランク","ﾌﾞﾗﾝｸ","マネージ","ﾏﾈｰｼﾞ","PDU","ONU"},$F31&"")))>0)),"／重量が未記入","")&IF(AND(K31<>"",NOT(ISNUMBER(K31))),"／電圧が数値でない","")&IF(AND(N31<>"",NOT(ISNUMBER(N31))),"／電流が数値でない","")&IF(AND(C31<>"",C31<1),"／開始Uが1未満","")&IF(AND(E31<>"",E31>IFERROR(VLOOKUP(A31,ラック定義!$A:$B,2,FALSE),47)),"／総Uをはみ出す","")&IF(AND(A31<>"",COUNTIF(ラック定義!$A:$A,A31)=0),"／ラックが定義にない","")&IF(AND(SUMPRODUCT((機器台帳!$A$2:$A$400=$A31)*((機器台帳!$B$2:$B$400=$B31)+(機器台帳!$B$2:$B$400="両面")+($B31="両面")>0)*(機器台帳!$C$2:$C$400<=$C31+$D31-1)*(機器台帳!$C$2:$C$400+機器台帳!$D$2:$D$400-1>=$C31)*(機器台帳!$F$2:$F$400<>""))-1>0,NOT(SUMPRODUCT(--ISNUMBER(SEARCH({"棚板","棚","アングル","ｱﾝｸﾞﾙ","使用不可","ケーブル","ｹｰﾌﾞﾙ","PatchPnael","パッチ","引き出し","引出","ブランク","ﾌﾞﾗﾝｸ","マネージ","ﾏﾈｰｼﾞ","PDU","ONU"},$F31&"")))>0)),"／同じUに他の機器(横並びなら正常)","")&IF(AND(M31<>"",COUNTIFS(回路定義!$A:$A,A31,回路定義!$B:$B,M31)=0),"／回路1が定義にない","")&IF(AND(P31<>"",COUNTIFS(回路定義!$A:$A,A31,回路定義!$B:$B,P31)=0),"／回路2が定義にない","")&IF(AND(S31<>"",COUNTIFS(回路定義!$A:$A,A31,回路定義!$B:$B,S31)=0),"／回路3が定義にない",""),2,300)))
A32: E24-S8-2 | B32: 背面 | C32: 46 | D32: 1 | E32: =IF(C32="","",C32+D32-1) | F32: UTP 12port PatchPnael(背面) | Y32: =COUNT(N32,Q32,T32) | Z32: =IF(OR(K32="",NOT(ISNUMBER(K32))),"",K32*SUM(N32,Q32,T32)) | AA32: =IF(OR(Y32=0,N32=""),"",N32/Y32) | AB32: =IF(OR(Y32=0,Q32=""),"",Q32/Y32) | AC32: =IF(OR(Y32=0,T32=""),"",T32/Y32) | AD32: =IF(F32="","",IF((IF(AND(Y32=0,NOT(SUMPRODUCT(--ISNUMBER(SEARCH({"棚板","棚","アングル","ｱﾝｸﾞﾙ","使用不可","ケーブル","ｹｰﾌﾞﾙ","PatchPnael","パッチ","引き出し","引出","ブランク","ﾌﾞﾗﾝｸ","マネージ","ﾏﾈｰｼﾞ","PDU","ONU"},$F32&"")))>0),NOT(SUMPRODUCT(--ISNUMBER(SEARCH({"電源オフ","未投入","停止","未使用","撤去"},$X32&"")))>0)),"／電力が未記入","")&IF(AND(NOT(ISNUMBER(J32)),NOT(SUMPRODUCT(--ISNUMBER(SEARCH({"棚板","棚","アングル","ｱﾝｸﾞﾙ","使用不可","ケーブル","ｹｰﾌﾞﾙ","PatchPnael","パッチ","引き出し","引出","ブランク","ﾌﾞﾗﾝｸ","マネージ","ﾏﾈｰｼﾞ","PDU","ONU"},$F32&"")))>0)),"／重量が未記入","")&IF(AND(K32<>"",NOT(ISNUMBER(K32))),"／電圧が数値でない","")&IF(AND(N32<>"",NOT(ISNUMBER(N32))),"／電流が数値でない","")&IF(AND(C32<>"",C32<1),"／開始Uが1未満","")&IF(AND(E32<>"",E32>IFERROR(VLOOKUP(A32,ラック定義!$A:$B,2,FALSE),47)),"／総Uをはみ出す","")&IF(AND(A32<>"",COUNTIF(ラック定義!$A:$A,A32)=0),"／ラックが定義にない","")&IF(AND(SUMPRODUCT((機器台帳!$A$2:$A$400=$A32)*((機器台帳!$B$2:$B$400=$B32)+(機器台帳!$B$2:$B$400="両面")+($B32="両面")>0)*(機器台帳!$C$2:$C$400<=$C32+$D32-1)*(機器台帳!$C$2:$C$400+機器台帳!$D$2:$D$400-1>=$C32)*(機器台帳!$F$2:$F$400<>""))-1>0,NOT(SUMPRODUCT(--ISNUMBER(SEARCH({"棚板","棚","アングル","ｱﾝｸﾞﾙ","使用不可","ケーブル","ｹｰﾌﾞﾙ","PatchPnael","パッチ","引き出し","引出","ブランク","ﾌﾞﾗﾝｸ","マネージ","ﾏﾈｰｼﾞ","PDU","ONU"},$F32&"")))>0)),"／同じUに他の機器(横並びなら正常)","")&IF(AND(M32<>"",COUNTIFS(回路定義!$A:$A,A32,回路定義!$B:$B,M32)=0),"／回路1が定義にない","")&IF(AND(P32<>"",COUNTIFS(回路定義!$A:$A,A32,回路定義!$B:$B,P32)=0),"／回路2が定義にない","")&IF(AND(S32<>"",COUNTIFS(回路定義!$A:$A,A32,回路定義!$B:$B,S32)=0),"／回路3が定義にない",""))="","",MID(IF(AND(Y32=0,NOT(SUMPRODUCT(--ISNUMBER(SEARCH({"棚板","棚","アングル","ｱﾝｸﾞﾙ","使用不可","ケーブル","ｹｰﾌﾞﾙ","PatchPnael","パッチ","引き出し","引出","ブランク","ﾌﾞﾗﾝｸ","マネージ","ﾏﾈｰｼﾞ","PDU","ONU"},$F32&"")))>0),NOT(SUMPRODUCT(--ISNUMBER(SEARCH({"電源オフ","未投入","停止","未使用","撤去"},$X32&"")))>0)),"／電力が未記入","")&IF(AND(NOT(ISNUMBER(J32)),NOT(SUMPRODUCT(--ISNUMBER(SEARCH({"棚板","棚","アングル","ｱﾝｸﾞﾙ","使用不可","ケーブル","ｹｰﾌﾞﾙ","PatchPnael","パッチ","引き出し","引出","ブランク","ﾌﾞﾗﾝｸ","マネージ","ﾏﾈｰｼﾞ","PDU","ONU"},$F32&"")))>0)),"／重量が未記入","")&IF(AND(K32<>"",NOT(ISNUMBER(K32))),"／電圧が数値でない","")&IF(AND(N32<>"",NOT(ISNUMBER(N32))),"／電流が数値でない","")&IF(AND(C32<>"",C32<1),"／開始Uが1未満","")&IF(AND(E32<>"",E32>IFERROR(VLOOKUP(A32,ラック定義!$A:$B,2,FALSE),47)),"／総Uをはみ出す","")&IF(AND(A32<>"",COUNTIF(ラック定義!$A:$A,A32)=0),"／ラックが定義にない","")&IF(AND(SUMPRODUCT((機器台帳!$A$2:$A$400=$A32)*((機器台帳!$B$2:$B$400=$B32)+(機器台帳!$B$2:$B$400="両面")+($B32="両面")>0)*(機器台帳!$C$2:$C$400<=$C32+$D32-1)*(機器台帳!$C$2:$C$400+機器台帳!$D$2:$D$400-1>=$C32)*(機器台帳!$F$2:$F$400<>""))-1>0,NOT(SUMPRODUCT(--ISNUMBER(SEARCH({"棚板","棚","アングル","ｱﾝｸﾞﾙ","使用不可","ケーブル","ｹｰﾌﾞﾙ","PatchPnael","パッチ","引き出し","引出","ブランク","ﾌﾞﾗﾝｸ","マネージ","ﾏﾈｰｼﾞ","PDU","ONU"},$F32&"")))>0)),"／同じUに他の機器(横並びなら正常)","")&IF(AND(M32<>"",COUNTIFS(回路定義!$A:$A,A32,回路定義!$B:$B,M32)=0),"／回路1が定義にない","")&IF(AND(P32<>"",COUNTIFS(回路定義!$A:$A,A32,回路定義!$B:$B,P32)=0),"／回路2が定義にない","")&IF(AND(S32<>"",COUNTIFS(回路定義!$A:$A,A32,回路定義!$B:$B,S32)=0),"／回路3が定義にない",""),2,300)))
A33: E24-S8-2 | B33: 背面 | C33: 29 | D33: 1 | E33: =IF(C33="","",C33+D33-1) | F33: HPE DX360-1 | G33: H1914271 | H33: Nutanix | I33: Server | J33: 10 | K33: 200 | L33: 2 | M33: 200V 30A （1） | N33: 1.5 | O33: 2 | V33: ○ | Y33: =COUNT(N33,Q33,T33) | Z33: =IF(OR(K33="",NOT(ISNUMBER(K33))),"",K33*SUM(N33,Q33,T33)) | AA33: =IF(OR(Y33=0,N33=""),"",N33/Y33) | AB33: =IF(OR(Y33=0,Q33=""),"",Q33/Y33) | AC33: =IF(OR(Y33=0,T33=""),"",T33/Y33) | AD33: =IF(F33="","",IF((IF(AND(Y33=0,NOT(SUMPRODUCT(--ISNUMBER(SEARCH({"棚板","棚","アングル","ｱﾝｸﾞﾙ","使用不可","ケーブル","ｹｰﾌﾞﾙ","PatchPnael","パッチ","引き出し","引出","ブランク","ﾌﾞﾗﾝｸ","マネージ","ﾏﾈｰｼﾞ","PDU","ONU"},$F33&"")))>0),NOT(SUMPRODUCT(--ISNUMBER(SEARCH({"電源オフ","未投入","停止","未使用","撤去"},$X33&"")))>0)),"／電力が未記入","")&IF(AND(NOT(ISNUMBER(J33)),NOT(SUMPRODUCT(--ISNUMBER(SEARCH({"棚板","棚","アングル","ｱﾝｸﾞﾙ","使用不可","ケーブル","ｹｰﾌﾞﾙ","PatchPnael","パッチ","引き出し","引出","ブランク","ﾌﾞﾗﾝｸ","マネージ","ﾏﾈｰｼﾞ","PDU","ONU"},$F33&"")))>0)),"／重量が未記入","")&IF(AND(K33<>"",NOT(ISNUMBER(K33))),"／電圧が数値でない","")&IF(AND(N33<>"",NOT(ISNUMBER(N33))),"／電流が数値でない","")&IF(AND(C33<>"",C33<1),"／開始Uが1未満","")&IF(AND(E33<>"",E33>IFERROR(VLOOKUP(A33,ラック定義!$A:$B,2,FALSE),47)),"／総Uをはみ出す","")&IF(AND(A33<>"",COUNTIF(ラック定義!$A:$A,A33)=0),"／ラックが定義にない","")&IF(AND(SUMPRODUCT((機器台帳!$A$2:$A$400=$A33)*((機器台帳!$B$2:$B$400=$B33)+(機器台帳!$B$2:$B$400="両面")+($B33="両面")>0)*(機器台帳!$C$2:$C$400<=$C33+$D33-1)*(機器台帳!$C$2:$C$400+機器台帳!$D$2:$D$400-1>=$C33)*(機器台帳!$F$2:$F$400<>""))-1>0,NOT(SUMPRODUCT(--ISNUMBER(SEARCH({"棚板","棚","アングル","ｱﾝｸﾞﾙ","使用不可","ケーブル","ｹｰﾌﾞﾙ","PatchPnael","パッチ","引き出し","引出","ブランク","ﾌﾞﾗﾝｸ","マネージ","ﾏﾈｰｼﾞ","PDU","ONU"},$F33&"")))>0)),"／同じUに他の機器(横並びなら正常)","")&IF(AND(M33<>"",COUNTIFS(回路定義!$A:$A,A33,回路定義!$B:$B,M33)=0),"／回路1が定義にない","")&IF(AND(P33<>"",COUNTIFS(回路定義!$A:$A,A33,回路定義!$B:$B,P33)=0),"／回路2が定義にない","")&IF(AND(S33<>"",COUNTIFS(回路定義!$A:$A,A33,回路定義!$B:$B,S33)=0),"／回路3が定義にない",""))="","",MID(IF(AND(Y33=0,NOT(SUMPRODUCT(--ISNUMBER(SEARCH({"棚板","棚","アングル","ｱﾝｸﾞﾙ","使用不可","ケーブル","ｹｰﾌﾞﾙ","PatchPnael","パッチ","引き出し","引出","ブランク","ﾌﾞﾗﾝｸ","マネージ","ﾏﾈｰｼﾞ","PDU","ONU"},$F33&"")))>0),NOT(SUMPRODUCT(--ISNUMBER(SEARCH({"電源オフ","未投入","停止","未使用","撤去"},$X33&"")))>0)),"／電力が未記入","")&IF(AND(NOT(ISNUMBER(J33)),NOT(SUMPRODUCT(--ISNUMBER(SEARCH({"棚板","棚","アングル","ｱﾝｸﾞﾙ","使用不可","ケーブル","ｹｰﾌﾞﾙ","PatchPnael","パッチ","引き出し","引出","ブランク","ﾌﾞﾗﾝｸ","マネージ","ﾏﾈｰｼﾞ","PDU","ONU"},$F33&"")))>0)),"／重量が未記入","")&IF(AND(K33<>"",NOT(ISNUMBER(K33))),"／電圧が数値でない","")&IF(AND(N33<>"",NOT(ISNUMBER(N33))),"／電流が数値でない","")&IF(AND(C33<>"",C33<1),"／開始Uが1未満","")&IF(AND(E33<>"",E33>IFERROR(VLOOKUP(A33,ラック定義!$A:$B,2,FALSE),47)),"／総Uをはみ出す","")&IF(AND(A33<>"",COUNTIF(ラック定義!$A:$A,A33)=0),"／ラックが定義にない","")&IF(AND(SUMPRODUCT((機器台帳!$A$2:$A$400=$A33)*((機器台帳!$B$2:$B$400=$B33)+(機器台帳!$B$2:$B$400="両面")+($B33="両面")>0)*(機器台帳!$C$2:$C$400<=$C33+$D33-1)*(機器台帳!$C$2:$C$400+機器台帳!$D$2:$D$400-1>=$C33)*(機器台帳!$F$2:$F$400<>""))-1>0,NOT(SUMPRODUCT(--ISNUMBER(SEARCH({"棚板","棚","アングル","ｱﾝｸﾞﾙ","使用不可","ケーブル","ｹｰﾌﾞﾙ","PatchPnael","パッチ","引き出し","引出","ブランク","ﾌﾞﾗﾝｸ","マネージ","ﾏﾈｰｼﾞ","PDU","ONU"},$F33&"")))>0)),"／同じUに他の機器(横並びなら正常)","")&IF(AND(M33<>"",COUNTIFS(回路定義!$A:$A,A33,回路定義!$B:$B,M33)=0),"／回路1が定義にない","")&IF(AND(P33<>"",COUNTIFS(回路定義!$A:$A,A33,回路定義!$B:$B,P33)=0),"／回路2が定義にない","")&IF(AND(S33<>"",COUNTIFS(回路定義!$A:$A,A33,回路定義!$B:$B,S33)=0),"／回路3が定義にない",""),2,300)))
A34: E24-S8-2 | B34: 前面 | C34: 27 | D34: 1 | E34: =IF(C34="","",C34+D34-1) | F34: HPE DX360-3 | G34: H1914273 | H34: Nutanix | I34: Server | J34: 10 | K34: 200 | L34: 2 | M34: 200V 30A （1） | N34: 1.5 | O34: 2 | V34: ○ | Y34: =COUNT(N34,Q34,T34) | Z34: =IF(OR(K34="",NOT(ISNUMBER(K34))),"",K34*SUM(N34,Q34,T34)) | AA34: =IF(OR(Y34=0,N34=""),"",N34/Y34) | AB34: =IF(OR(Y34=0,Q34=""),"",Q34/Y34) | AC34: =IF(OR(Y34=0,T34=""),"",T34/Y34) | AD34: =IF(F34="","",IF((IF(AND(Y34=0,NOT(SUMPRODUCT(--ISNUMBER(SEARCH({"棚板","棚","アングル","ｱﾝｸﾞﾙ","使用不可","ケーブル","ｹｰﾌﾞﾙ","PatchPnael","パッチ","引き出し","引出","ブランク","ﾌﾞﾗﾝｸ","マネージ","ﾏﾈｰｼﾞ","PDU","ONU"},$F34&"")))>0),NOT(SUMPRODUCT(--ISNUMBER(SEARCH({"電源オフ","未投入","停止","未使用","撤去"},$X34&"")))>0)),"／電力が未記入","")&IF(AND(NOT(ISNUMBER(J34)),NOT(SUMPRODUCT(--ISNUMBER(SEARCH({"棚板","棚","アングル","ｱﾝｸﾞﾙ","使用不可","ケーブル","ｹｰﾌﾞﾙ","PatchPnael","パッチ","引き出し","引出","ブランク","ﾌﾞﾗﾝｸ","マネージ","ﾏﾈｰｼﾞ","PDU","ONU"},$F34&"")))>0)),"／重量が未記入","")&IF(AND(K34<>"",NOT(ISNUMBER(K34))),"／電圧が数値でない","")&IF(AND(N34<>"",NOT(ISNUMBER(N34))),"／電流が数値でない","")&IF(AND(C34<>"",C34<1),"／開始Uが1未満","")&IF(AND(E34<>"",E34>IFERROR(VLOOKUP(A34,ラック定義!$A:$B,2,FALSE),47)),"／総Uをはみ出す","")&IF(AND(A34<>"",COUNTIF(ラック定義!$A:$A,A34)=0),"／ラックが定義にない","")&IF(AND(SUMPRODUCT((機器台帳!$A$2:$A$400=$A34)*((機器台帳!$B$2:$B$400=$B34)+(機器台帳!$B$2:$B$400="両面")+($B34="両面")>0)*(機器台帳!$C$2:$C$400<=$C34+$D34-1)*(機器台帳!$C$2:$C$400+機器台帳!$D$2:$D$400-1>=$C34)*(機器台帳!$F$2:$F$400<>""))-1>0,NOT(SUMPRODUCT(--ISNUMBER(SEARCH({"棚板","棚","アングル","ｱﾝｸﾞﾙ","使用不可","ケーブル","ｹｰﾌﾞﾙ","PatchPnael","パッチ","引き出し","引出","ブランク","ﾌﾞﾗﾝｸ","マネージ","ﾏﾈｰｼﾞ","PDU","ONU"},$F34&"")))>0)),"／同じUに他の機器(横並びなら正常)","")&IF(AND(M34<>"",COUNTIFS(回路定義!$A:$A,A34,回路定義!$B:$B,M34)=0),"／回路1が定義にない","")&IF(AND(P34<>"",COUNTIFS(回路定義!$A:$A,A34,回路定義!$B:$B,P34)=0),"／回路2が定義にない","")&IF(AND(S34<>"",COUNTIFS(回路定義!$A:$A,A34,回路定義!$B:$B,S34)=0),"／回路3が定義にない",""))="","",MID(IF(AND(Y34=0,NOT(SUMPRODUCT(--ISNUMBER(SEARCH({"棚板","棚","アングル","ｱﾝｸﾞﾙ","使用不可","ケーブル","ｹｰﾌﾞﾙ","PatchPnael","パッチ","引き出し","引出","ブランク","ﾌﾞﾗﾝｸ","マネージ","ﾏﾈｰｼﾞ","PDU","ONU"},$F34&"")))>0),NOT(SUMPRODUCT(--ISNUMBER(SEARCH({"電源オフ","未投入","停止","未使用","撤去"},$X34&"")))>0)),"／電力が未記入","")&IF(AND(NOT(ISNUMBER(J34)),NOT(SUMPRODUCT(--ISNUMBER(SEARCH({"棚板","棚","アングル","ｱﾝｸﾞﾙ","使用不可","ケーブル","ｹｰﾌﾞﾙ","PatchPnael","パッチ","引き出し","引出","ブランク","ﾌﾞﾗﾝｸ","マネージ","ﾏﾈｰｼﾞ","PDU","ONU"},$F34&"")))>0)),"／重量が未記入","")&IF(AND(K34<>"",NOT(ISNUMBER(K34))),"／電圧が数値でない","")&IF(AND(N34<>"",NOT(ISNUMBER(N34))),"／電流が数値でない","")&IF(AND(C34<>"",C34<1),"／開始Uが1未満","")&IF(AND(E34<>"",E34>IFERROR(VLOOKUP(A34,ラック定義!$A:$B,2,FALSE),47)),"／総Uをはみ出す","")&IF(AND(A34<>"",COUNTIF(ラック定義!$A:$A,A34)=0),"／ラックが定義にない","")&IF(AND(SUMPRODUCT((機器台帳!$A$2:$A$400=$A34)*((機器台帳!$B$2:$B$400=$B34)+(機器台帳!$B$2:$B$400="両面")+($B34="両面")>0)*(機器台帳!$C$2:$C$400<=$C34+$D34-1)*(機器台帳!$C$2:$C$400+機器台帳!$D$2:$D$400-1>=$C34)*(機器台帳!$F$2:$F$400<>""))-1>0,NOT(SUMPRODUCT(--ISNUMBER(SEARCH({"棚板","棚","アングル","ｱﾝｸﾞﾙ","使用不可","ケーブル","ｹｰﾌﾞﾙ","PatchPnael","パッチ","引き出し","引出","ブランク","ﾌﾞﾗﾝｸ","マネージ","ﾏﾈｰｼﾞ","PDU","ONU"},$F34&"")))>0)),"／同じUに他の機器(横並びなら正常)","")&IF(AND(M34<>"",COUNTIFS(回路定義!$A:$A,A34,回路定義!$B:$B,M34)=0),"／回路1が定義にない","")&IF(AND(P34<>"",COUNTIFS(回路定義!$A:$A,A34,回路定義!$B:$B,P34)=0),"／回路2が定義にない","")&IF(AND(S34<>"",COUNTIFS(回路定義!$A:$A,A34,回路定義!$B:$B,S34)=0),"／回路3が定義にない",""),2,300)))
A35: E24-S8-2 | B35: 背面 | C35: 27 | D35: 1 | E35: =IF(C35="","",C35+D35-1) | F35: HPE DX360-3 | G35: H19142713 | H35: Nutanix | I35: Server | V35: ○ | Y35: =COUNT(N35,Q35,T35) | Z35: =IF(OR(K35="",NOT(ISNUMBER(K35))),"",K35*SUM(N35,Q35,T35)) | AA35: =IF(OR(Y35=0,N35=""),"",N35/Y35) | AB35: =IF(OR(Y35=0,Q35=""),"",Q35/Y35) | AC35: =IF(OR(Y35=0,T35=""),"",T35/Y35) | AD35: =IF(F35="","",IF((IF(AND(Y35=0,NOT(SUMPRODUCT(--ISNUMBER(SEARCH({"棚板","棚","アングル","ｱﾝｸﾞﾙ","使用不可","ケーブル","ｹｰﾌﾞﾙ","PatchPnael","パッチ","引き出し","引出","ブランク","ﾌﾞﾗﾝｸ","マネージ","ﾏﾈｰｼﾞ","PDU","ONU"},$F35&"")))>0),NOT(SUMPRODUCT(--ISNUMBER(SEARCH({"電源オフ","未投入","停止","未使用","撤去"},$X35&"")))>0)),"／電力が未記入","")&IF(AND(NOT(ISNUMBER(J35)),NOT(SUMPRODUCT(--ISNUMBER(SEARCH({"棚板","棚","アングル","ｱﾝｸﾞﾙ","使用不可","ケーブル","ｹｰﾌﾞﾙ","PatchPnael","パッチ","引き出し","引出","ブランク","ﾌﾞﾗﾝｸ","マネージ","ﾏﾈｰｼﾞ","PDU","ONU"},$F35&"")))>0)),"／重量が未記入","")&IF(AND(K35<>"",NOT(ISNUMBER(K35))),"／電圧が数値でない","")&IF(AND(N35<>"",NOT(ISNUMBER(N35))),"／電流が数値でない","")&IF(AND(C35<>"",C35<1),"／開始Uが1未満","")&IF(AND(E35<>"",E35>IFERROR(VLOOKUP(A35,ラック定義!$A:$B,2,FALSE),47)),"／総Uをはみ出す","")&IF(AND(A35<>"",COUNTIF(ラック定義!$A:$A,A35)=0),"／ラックが定義にない","")&IF(AND(SUMPRODUCT((機器台帳!$A$2:$A$400=$A35)*((機器台帳!$B$2:$B$400=$B35)+(機器台帳!$B$2:$B$400="両面")+($B35="両面")>0)*(機器台帳!$C$2:$C$400<=$C35+$D35-1)*(機器台帳!$C$2:$C$400+機器台帳!$D$2:$D$400-1>=$C35)*(機器台帳!$F$2:$F$400<>""))-1>0,NOT(SUMPRODUCT(--ISNUMBER(SEARCH({"棚板","棚","アングル","ｱﾝｸﾞﾙ","使用不可","ケーブル","ｹｰﾌﾞﾙ","PatchPnael","パッチ","引き出し","引出","ブランク","ﾌﾞﾗﾝｸ","マネージ","ﾏﾈｰｼﾞ","PDU","ONU"},$F35&"")))>0)),"／同じUに他の機器(横並びなら正常)","")&IF(AND(M35<>"",COUNTIFS(回路定義!$A:$A,A35,回路定義!$B:$B,M35)=0),"／回路1が定義にない","")&IF(AND(P35<>"",COUNTIFS(回路定義!$A:$A,A35,回路定義!$B:$B,P35)=0),"／回路2が定義にない","")&IF(AND(S35<>"",COUNTIFS(回路定義!$A:$A,A35,回路定義!$B:$B,S35)=0),"／回路3が定義にない",""))="","",MID(IF(AND(Y35=0,NOT(SUMPRODUCT(--ISNUMBER(SEARCH({"棚板","棚","アングル","ｱﾝｸﾞﾙ","使用不可","ケーブル","ｹｰﾌﾞﾙ","PatchPnael","パッチ","引き出し","引出","ブランク","ﾌﾞﾗﾝｸ","マネージ","ﾏﾈｰｼﾞ","PDU","ONU"},$F35&"")))>0),NOT(SUMPRODUCT(--ISNUMBER(SEARCH({"電源オフ","未投入","停止","未使用","撤去"},$X35&"")))>0)),"／電力が未記入","")&IF(AND(NOT(ISNUMBER(J35)),NOT(SUMPRODUCT(--ISNUMBER(SEARCH({"棚板","棚","アングル","ｱﾝｸﾞﾙ","使用不可","ケーブル","ｹｰﾌﾞﾙ","PatchPnael","パッチ","引き出し","引出","ブランク","ﾌﾞﾗﾝｸ","マネージ","ﾏﾈｰｼﾞ","PDU","ONU"},$F35&"")))>0)),"／重量が未記入","")&IF(AND(K35<>"",NOT(ISNUMBER(K35))),"／電圧が数値でない","")&IF(AND(N35<>"",NOT(ISNUMBER(N35))),"／電流が数値でない","")&IF(AND(C35<>"",C35<1),"／開始Uが1未満","")&IF(AND(E35<>"",E35>IFERROR(VLOOKUP(A35,ラック定義!$A:$B,2,FALSE),47)),"／総Uをはみ出す","")&IF(AND(A35<>"",COUNTIF(ラック定義!$A:$A,A35)=0),"／ラックが定義にない","")&IF(AND(SUMPRODUCT((機器台帳!$A$2:$A$400=$A35)*((機器台帳!$B$2:$B$400=$B35)+(機器台帳!$B$2:$B$400="両面")+($B35="両面")>0)*(機器台帳!$C$2:$C$400<=$C35+$D35-1)*(機器台帳!$C$2:$C$400+機器台帳!$D$2:$D$400-1>=$C35)*(機器台帳!$F$2:$F$400<>""))-1>0,NOT(SUMPRODUCT(--ISNUMBER(SEARCH({"棚板","棚","アングル","ｱﾝｸﾞﾙ","使用不可","ケーブル","ｹｰﾌﾞﾙ","PatchPnael","パッチ","引き出し","引出","ブランク","ﾌﾞﾗﾝｸ","マネージ","ﾏﾈｰｼﾞ","PDU","ONU"},$F35&"")))>0)),"／同じUに他の機器(横並びなら正常)","")&IF(AND(M35<>"",COUNTIFS(回路定義!$A:$A,A35,回路定義!$B:$B,M35)=0),"／回路1が定義にない","")&IF(AND(P35<>"",COUNTIFS(回路定義!$A:$A,A35,回路定義!$B:$B,P35)=0),"／回路2が定義にない","")&IF(AND(S35<>"",COUNTIFS(回路定義!$A:$A,A35,回路定義!$B:$B,S35)=0),"／回路3が定義にない",""),2,300)))
A36: E24-S8-2 | B36: 前面 | C36: 26 | D36: 1 | E36: =IF(C36="","",C36+D36-1) | F36: HPE DX360-5 | G36: H2008900 | H36: Nutanix | I36: Server | J36: 10 | K36: 200 | L36: 2 | M36: 200V 30A （1） | N36: 1.5 | O36: 2 | V36: ○ | Y36: =COUNT(N36,Q36,T36) | Z36: =IF(OR(K36="",NOT(ISNUMBER(K36))),"",K36*SUM(N36,Q36,T36)) | AA36: =IF(OR(Y36=0,N36=""),"",N36/Y36) | AB36: =IF(OR(Y36=0,Q36=""),"",Q36/Y36) | AC36: =IF(OR(Y36=0,T36=""),"",T36/Y36) | AD36: =IF(F36="","",IF((IF(AND(Y36=0,NOT(SUMPRODUCT(--ISNUMBER(SEARCH({"棚板","棚","アングル","ｱﾝｸﾞﾙ","使用不可","ケーブル","ｹｰﾌﾞﾙ","PatchPnael","パッチ","引き出し","引出","ブランク","ﾌﾞﾗﾝｸ","マネージ","ﾏﾈｰｼﾞ","PDU","ONU"},$F36&"")))>0),NOT(SUMPRODUCT(--ISNUMBER(SEARCH({"電源オフ","未投入","停止","未使用","撤去"},$X36&"")))>0)),"／電力が未記入","")&IF(AND(NOT(ISNUMBER(J36)),NOT(SUMPRODUCT(--ISNUMBER(SEARCH({"棚板","棚","アングル","ｱﾝｸﾞﾙ","使用不可","ケーブル","ｹｰﾌﾞﾙ","PatchPnael","パッチ","引き出し","引出","ブランク","ﾌﾞﾗﾝｸ","マネージ","ﾏﾈｰｼﾞ","PDU","ONU"},$F36&"")))>0)),"／重量が未記入","")&IF(AND(K36<>"",NOT(ISNUMBER(K36))),"／電圧が数値でない","")&IF(AND(N36<>"",NOT(ISNUMBER(N36))),"／電流が数値でない","")&IF(AND(C36<>"",C36<1),"／開始Uが1未満","")&IF(AND(E36<>"",E36>IFERROR(VLOOKUP(A36,ラック定義!$A:$B,2,FALSE),47)),"／総Uをはみ出す","")&IF(AND(A36<>"",COUNTIF(ラック定義!$A:$A,A36)=0),"／ラックが定義にない","")&IF(AND(SUMPRODUCT((機器台帳!$A$2:$A$400=$A36)*((機器台帳!$B$2:$B$400=$B36)+(機器台帳!$B$2:$B$400="両面")+($B36="両面")>0)*(機器台帳!$C$2:$C$400<=$C36+$D36-1)*(機器台帳!$C$2:$C$400+機器台帳!$D$2:$D$400-1>=$C36)*(機器台帳!$F$2:$F$400<>""))-1>0,NOT(SUMPRODUCT(--ISNUMBER(SEARCH({"棚板","棚","アングル","ｱﾝｸﾞﾙ","使用不可","ケーブル","ｹｰﾌﾞﾙ","PatchPnael","パッチ","引き出し","引出","ブランク","ﾌﾞﾗﾝｸ","マネージ","ﾏﾈｰｼﾞ","PDU","ONU"},$F36&"")))>0)),"／同じUに他の機器(横並びなら正常)","")&IF(AND(M36<>"",COUNTIFS(回路定義!$A:$A,A36,回路定義!$B:$B,M36)=0),"／回路1が定義にない","")&IF(AND(P36<>"",COUNTIFS(回路定義!$A:$A,A36,回路定義!$B:$B,P36)=0),"／回路2が定義にない","")&IF(AND(S36<>"",COUNTIFS(回路定義!$A:$A,A36,回路定義!$B:$B,S36)=0),"／回路3が定義にない",""))="","",MID(IF(AND(Y36=0,NOT(SUMPRODUCT(--ISNUMBER(SEARCH({"棚板","棚","アングル","ｱﾝｸﾞﾙ","使用不可","ケーブル","ｹｰﾌﾞﾙ","PatchPnael","パッチ","引き出し","引出","ブランク","ﾌﾞﾗﾝｸ","マネージ","ﾏﾈｰｼﾞ","PDU","ONU"},$F36&"")))>0),NOT(SUMPRODUCT(--ISNUMBER(SEARCH({"電源オフ","未投入","停止","未使用","撤去"},$X36&"")))>0)),"／電力が未記入","")&IF(AND(NOT(ISNUMBER(J36)),NOT(SUMPRODUCT(--ISNUMBER(SEARCH({"棚板","棚","アングル","ｱﾝｸﾞﾙ","使用不可","ケーブル","ｹｰﾌﾞﾙ","PatchPnael","パッチ","引き出し","引出","ブランク","ﾌﾞﾗﾝｸ","マネージ","ﾏﾈｰｼﾞ","PDU","ONU"},$F36&"")))>0)),"／重量が未記入","")&IF(AND(K36<>"",NOT(ISNUMBER(K36))),"／電圧が数値でない","")&IF(AND(N36<>"",NOT(ISNUMBER(N36))),"／電流が数値でない","")&IF(AND(C36<>"",C36<1),"／開始Uが1未満","")&IF(AND(E36<>"",E36>IFERROR(VLOOKUP(A36,ラック定義!$A:$B,2,FALSE),47)),"／総Uをはみ出す","")&IF(AND(A36<>"",COUNTIF(ラック定義!$A:$A,A36)=0),"／ラックが定義にない","")&IF(AND(SUMPRODUCT((機器台帳!$A$2:$A$400=$A36)*((機器台帳!$B$2:$B$400=$B36)+(機器台帳!$B$2:$B$400="両面")+($B36="両面")>0)*(機器台帳!$C$2:$C$400<=$C36+$D36-1)*(機器台帳!$C$2:$C$400+機器台帳!$D$2:$D$400-1>=$C36)*(機器台帳!$F$2:$F$400<>""))-1>0,NOT(SUMPRODUCT(--ISNUMBER(SEARCH({"棚板","棚","アングル","ｱﾝｸﾞﾙ","使用不可","ケーブル","ｹｰﾌﾞﾙ","PatchPnael","パッチ","引き出し","引出","ブランク","ﾌﾞﾗﾝｸ","マネージ","ﾏﾈｰｼﾞ","PDU","ONU"},$F36&"")))>0)),"／同じUに他の機器(横並びなら正常)","")&IF(AND(M36<>"",COUNTIFS(回路定義!$A:$A,A36,回路定義!$B:$B,M36)=0),"／回路1が定義にない","")&IF(AND(P36<>"",COUNTIFS(回路定義!$A:$A,A36,回路定義!$B:$B,P36)=0),"／回路2が定義にない","")&IF(AND(S36<>"",COUNTIFS(回路定義!$A:$A,A36,回路定義!$B:$B,S36)=0),"／回路3が定義にない",""),2,300)))
A37: E24-S8-2 | B37: 背面 | C37: 25 | D37: 1 | E37: =IF(C37="","",C37+D37-1) | F37: HPE DX360-5 | G37: H2008890 | H37: Nutanix | I37: Server | J37: 10 | K37: 200 | L37: 2 | M37: 200V 30A （1） | N37: 1.5 | O37: 2 | V37: ○ | Y37: =COUNT(N37,Q37,T37) | Z37: =IF(OR(K37="",NOT(ISNUMBER(K37))),"",K37*SUM(N37,Q37,T37)) | AA37: =IF(OR(Y37=0,N37=""),"",N37/Y37) | AB37: =IF(OR(Y37=0,Q37=""),"",Q37/Y37) | AC37: =IF(OR(Y37=0,T37=""),"",T37/Y37) | AD37: =IF(F37="","",IF((IF(AND(Y37=0,NOT(SUMPRODUCT(--ISNUMBER(SEARCH({"棚板","棚","アングル","ｱﾝｸﾞﾙ","使用不可","ケーブル","ｹｰﾌﾞﾙ","PatchPnael","パッチ","引き出し","引出","ブランク","ﾌﾞﾗﾝｸ","マネージ","ﾏﾈｰｼﾞ","PDU","ONU"},$F37&"")))>0),NOT(SUMPRODUCT(--ISNUMBER(SEARCH({"電源オフ","未投入","停止","未使用","撤去"},$X37&"")))>0)),"／電力が未記入","")&IF(AND(NOT(ISNUMBER(J37)),NOT(SUMPRODUCT(--ISNUMBER(SEARCH({"棚板","棚","アングル","ｱﾝｸﾞﾙ","使用不可","ケーブル","ｹｰﾌﾞﾙ","PatchPnael","パッチ","引き出し","引出","ブランク","ﾌﾞﾗﾝｸ","マネージ","ﾏﾈｰｼﾞ","PDU","ONU"},$F37&"")))>0)),"／重量が未記入","")&IF(AND(K37<>"",NOT(ISNUMBER(K37))),"／電圧が数値でない","")&IF(AND(N37<>"",NOT(ISNUMBER(N37))),"／電流が数値でない","")&IF(AND(C37<>"",C37<1),"／開始Uが1未満","")&IF(AND(E37<>"",E37>IFERROR(VLOOKUP(A37,ラック定義!$A:$B,2,FALSE),47)),"／総Uをはみ出す","")&IF(AND(A37<>"",COUNTIF(ラック定義!$A:$A,A37)=0),"／ラックが定義にない","")&IF(AND(SUMPRODUCT((機器台帳!$A$2:$A$400=$A37)*((機器台帳!$B$2:$B$400=$B37)+(機器台帳!$B$2:$B$400="両面")+($B37="両面")>0)*(機器台帳!$C$2:$C$400<=$C37+$D37-1)*(機器台帳!$C$2:$C$400+機器台帳!$D$2:$D$400-1>=$C37)*(機器台帳!$F$2:$F$400<>""))-1>0,NOT(SUMPRODUCT(--ISNUMBER(SEARCH({"棚板","棚","アングル","ｱﾝｸﾞﾙ","使用不可","ケーブル","ｹｰﾌﾞﾙ","PatchPnael","パッチ","引き出し","引出","ブランク","ﾌﾞﾗﾝｸ","マネージ","ﾏﾈｰｼﾞ","PDU","ONU"},$F37&"")))>0)),"／同じUに他の機器(横並びなら正常)","")&IF(AND(M37<>"",COUNTIFS(回路定義!$A:$A,A37,回路定義!$B:$B,M37)=0),"／回路1が定義にない","")&IF(AND(P37<>"",COUNTIFS(回路定義!$A:$A,A37,回路定義!$B:$B,P37)=0),"／回路2が定義にない","")&IF(AND(S37<>"",COUNTIFS(回路定義!$A:$A,A37,回路定義!$B:$B,S37)=0),"／回路3が定義にない",""))="","",MID(IF(AND(Y37=0,NOT(SUMPRODUCT(--ISNUMBER(SEARCH({"棚板","棚","アングル","ｱﾝｸﾞﾙ","使用不可","ケーブル","ｹｰﾌﾞﾙ","PatchPnael","パッチ","引き出し","引出","ブランク","ﾌﾞﾗﾝｸ","マネージ","ﾏﾈｰｼﾞ","PDU","ONU"},$F37&"")))>0),NOT(SUMPRODUCT(--ISNUMBER(SEARCH({"電源オフ","未投入","停止","未使用","撤去"},$X37&"")))>0)),"／電力が未記入","")&IF(AND(NOT(ISNUMBER(J37)),NOT(SUMPRODUCT(--ISNUMBER(SEARCH({"棚板","棚","アングル","ｱﾝｸﾞﾙ","使用不可","ケーブル","ｹｰﾌﾞﾙ","PatchPnael","パッチ","引き出し","引出","ブランク","ﾌﾞﾗﾝｸ","マネージ","ﾏﾈｰｼﾞ","PDU","ONU"},$F37&"")))>0)),"／重量が未記入","")&IF(AND(K37<>"",NOT(ISNUMBER(K37))),"／電圧が数値でない","")&IF(AND(N37<>"",NOT(ISNUMBER(N37))),"／電流が数値でない","")&IF(AND(C37<>"",C37<1),"／開始Uが1未満","")&IF(AND(E37<>"",E37>IFERROR(VLOOKUP(A37,ラック定義!$A:$B,2,FALSE),47)),"／総Uをはみ出す","")&IF(AND(A37<>"",COUNTIF(ラック定義!$A:$A,A37)=0),"／ラックが定義にない","")&IF(AND(SUMPRODUCT((機器台帳!$A$2:$A$400=$A37)*((機器台帳!$B$2:$B$400=$B37)+(機器台帳!$B$2:$B$400="両面")+($B37="両面")>0)*(機器台帳!$C$2:$C$400<=$C37+$D37-1)*(機器台帳!$C$2:$C$400+機器台帳!$D$2:$D$400-1>=$C37)*(機器台帳!$F$2:$F$400<>""))-1>0,NOT(SUMPRODUCT(--ISNUMBER(SEARCH({"棚板","棚","アングル","ｱﾝｸﾞﾙ","使用不可","ケーブル","ｹｰﾌﾞﾙ","PatchPnael","パッチ","引き出し","引出","ブランク","ﾌﾞﾗﾝｸ","マネージ","ﾏﾈｰｼﾞ","PDU","ONU"},$F37&"")))>0)),"／同じUに他の機器(横並びなら正常)","")&IF(AND(M37<>"",COUNTIFS(回路定義!$A:$A,A37,回路定義!$B:$B,M37)=0),"／回路1が定義にない","")&IF(AND(P37<>"",COUNTIFS(回路定義!$A:$A,A37,回路定義!$B:$B,P37)=0),"／回路2が定義にない","")&IF(AND(S37<>"",COUNTIFS(回路定義!$A:$A,A37,回路定義!$B:$B,S37)=0),"／回路3が定義にない",""),2,300)))
A38: E24-S8-2 | B38: 前面 | C38: 24 | D38: 1 | E38: =IF(C38="","",C38+D38-1) | F38: HPE DX360-6 ) | G38: H2008901 | H38: Nutanix | I38: Server | J38: 10 | K38: 200 | L38: 2 | M38: 200V 30A （1） | N38: 1.5 | O38: 2 | V38: ○ | Y38: =COUNT(N38,Q38,T38) | Z38: =IF(OR(K38="",NOT(ISNUMBER(K38))),"",K38*SUM(N38,Q38,T38)) | AA38: =IF(OR(Y38=0,N38=""),"",N38/Y38) | AB38: =IF(OR(Y38=0,Q38=""),"",Q38/Y38) | AC38: =IF(OR(Y38=0,T38=""),"",T38/Y38) | AD38: =IF(F38="","",IF((IF(AND(Y38=0,NOT(SUMPRODUCT(--ISNUMBER(SEARCH({"棚板","棚","アングル","ｱﾝｸﾞﾙ","使用不可","ケーブル","ｹｰﾌﾞﾙ","PatchPnael","パッチ","引き出し","引出","ブランク","ﾌﾞﾗﾝｸ","マネージ","ﾏﾈｰｼﾞ","PDU","ONU"},$F38&"")))>0),NOT(SUMPRODUCT(--ISNUMBER(SEARCH({"電源オフ","未投入","停止","未使用","撤去"},$X38&"")))>0)),"／電力が未記入","")&IF(AND(NOT(ISNUMBER(J38)),NOT(SUMPRODUCT(--ISNUMBER(SEARCH({"棚板","棚","アングル","ｱﾝｸﾞﾙ","使用不可","ケーブル","ｹｰﾌﾞﾙ","PatchPnael","パッチ","引き出し","引出","ブランク","ﾌﾞﾗﾝｸ","マネージ","ﾏﾈｰｼﾞ","PDU","ONU"},$F38&"")))>0)),"／重量が未記入","")&IF(AND(K38<>"",NOT(ISNUMBER(K38))),"／電圧が数値でない","")&IF(AND(N38<>"",NOT(ISNUMBER(N38))),"／電流が数値でない","")&IF(AND(C38<>"",C38<1),"／開始Uが1未満","")&IF(AND(E38<>"",E38>IFERROR(VLOOKUP(A38,ラック定義!$A:$B,2,FALSE),47)),"／総Uをはみ出す","")&IF(AND(A38<>"",COUNTIF(ラック定義!$A:$A,A38)=0),"／ラックが定義にない","")&IF(AND(SUMPRODUCT((機器台帳!$A$2:$A$400=$A38)*((機器台帳!$B$2:$B$400=$B38)+(機器台帳!$B$2:$B$400="両面")+($B38="両面")>0)*(機器台帳!$C$2:$C$400<=$C38+$D38-1)*(機器台帳!$C$2:$C$400+機器台帳!$D$2:$D$400-1>=$C38)*(機器台帳!$F$2:$F$400<>""))-1>0,NOT(SUMPRODUCT(--ISNUMBER(SEARCH({"棚板","棚","アングル","ｱﾝｸﾞﾙ","使用不可","ケーブル","ｹｰﾌﾞﾙ","PatchPnael","パッチ","引き出し","引出","ブランク","ﾌﾞﾗﾝｸ","マネージ","ﾏﾈｰｼﾞ","PDU","ONU"},$F38&"")))>0)),"／同じUに他の機器(横並びなら正常)","")&IF(AND(M38<>"",COUNTIFS(回路定義!$A:$A,A38,回路定義!$B:$B,M38)=0),"／回路1が定義にない","")&IF(AND(P38<>"",COUNTIFS(回路定義!$A:$A,A38,回路定義!$B:$B,P38)=0),"／回路2が定義にない","")&IF(AND(S38<>"",COUNTIFS(回路定義!$A:$A,A38,回路定義!$B:$B,S38)=0),"／回路3が定義にない",""))="","",MID(IF(AND(Y38=0,NOT(SUMPRODUCT(--ISNUMBER(SEARCH({"棚板","棚","アングル","ｱﾝｸﾞﾙ","使用不可","ケーブル","ｹｰﾌﾞﾙ","PatchPnael","パッチ","引き出し","引出","ブランク","ﾌﾞﾗﾝｸ","マネージ","ﾏﾈｰｼﾞ","PDU","ONU"},$F38&"")))>0),NOT(SUMPRODUCT(--ISNUMBER(SEARCH({"電源オフ","未投入","停止","未使用","撤去"},$X38&"")))>0)),"／電力が未記入","")&IF(AND(NOT(ISNUMBER(J38)),NOT(SUMPRODUCT(--ISNUMBER(SEARCH({"棚板","棚","アングル","ｱﾝｸﾞﾙ","使用不可","ケーブル","ｹｰﾌﾞﾙ","PatchPnael","パッチ","引き出し","引出","ブランク","ﾌﾞﾗﾝｸ","マネージ","ﾏﾈｰｼﾞ","PDU","ONU"},$F38&"")))>0)),"／重量が未記入","")&IF(AND(K38<>"",NOT(ISNUMBER(K38))),"／電圧が数値でない","")&IF(AND(N38<>"",NOT(ISNUMBER(N38))),"／電流が数値でない","")&IF(AND(C38<>"",C38<1),"／開始Uが1未満","")&IF(AND(E38<>"",E38>IFERROR(VLOOKUP(A38,ラック定義!$A:$B,2,FALSE),47)),"／総Uをはみ出す","")&IF(AND(A38<>"",COUNTIF(ラック定義!$A:$A,A38)=0),"／ラックが定義にない","")&IF(AND(SUMPRODUCT((機器台帳!$A$2:$A$400=$A38)*((機器台帳!$B$2:$B$400=$B38)+(機器台帳!$B$2:$B$400="両面")+($B38="両面")>0)*(機器台帳!$C$2:$C$400<=$C38+$D38-1)*(機器台帳!$C$2:$C$400+機器台帳!$D$2:$D$400-1>=$C38)*(機器台帳!$F$2:$F$400<>""))-1>0,NOT(SUMPRODUCT(--ISNUMBER(SEARCH({"棚板","棚","アングル","ｱﾝｸﾞﾙ","使用不可","ケーブル","ｹｰﾌﾞﾙ","PatchPnael","パッチ","引き出し","引出","ブランク","ﾌﾞﾗﾝｸ","マネージ","ﾏﾈｰｼﾞ","PDU","ONU"},$F38&"")))>0)),"／同じUに他の機器(横並びなら正常)","")&IF(AND(M38<>"",COUNTIFS(回路定義!$A:$A,A38,回路定義!$B:$B,M38)=0),"／回路1が定義にない","")&IF(AND(P38<>"",COUNTIFS(回路定義!$A:$A,A38,回路定義!$B:$B,P38)=0),"／回路2が定義にない","")&IF(AND(S38<>"",COUNTIFS(回路定義!$A:$A,A38,回路定義!$B:$B,S38)=0),"／回路3が定義にない",""),2,300)))
A39: E24-S8-2 | B39: 背面 | C39: 24 | D39: 1 | E39: =IF(C39="","",C39+D39-1) | F39: HPE DX360-6 | G39: H2008891 | H39: Nutanix | I39: Server | V39: ○ | Y39: =COUNT(N39,Q39,T39) | Z39: =IF(OR(K39="",NOT(ISNUMBER(K39))),"",K39*SUM(N39,Q39,T39)) | AA39: =IF(OR(Y39=0,N39=""),"",N39/Y39) | AB39: =IF(OR(Y39=0,Q39=""),"",Q39/Y39) | AC39: =IF(OR(Y39=0,T39=""),"",T39/Y39) | AD39: =IF(F39="","",IF((IF(AND(Y39=0,NOT(SUMPRODUCT(--ISNUMBER(SEARCH({"棚板","棚","アングル","ｱﾝｸﾞﾙ","使用不可","ケーブル","ｹｰﾌﾞﾙ","PatchPnael","パッチ","引き出し","引出","ブランク","ﾌﾞﾗﾝｸ","マネージ","ﾏﾈｰｼﾞ","PDU","ONU"},$F39&"")))>0),NOT(SUMPRODUCT(--ISNUMBER(SEARCH({"電源オフ","未投入","停止","未使用","撤去"},$X39&"")))>0)),"／電力が未記入","")&IF(AND(NOT(ISNUMBER(J39)),NOT(SUMPRODUCT(--ISNUMBER(SEARCH({"棚板","棚","アングル","ｱﾝｸﾞﾙ","使用不可","ケーブル","ｹｰﾌﾞﾙ","PatchPnael","パッチ","引き出し","引出","ブランク","ﾌﾞﾗﾝｸ","マネージ","ﾏﾈｰｼﾞ","PDU","ONU"},$F39&"")))>0)),"／重量が未記入","")&IF(AND(K39<>"",NOT(ISNUMBER(K39))),"／電圧が数値でない","")&IF(AND(N39<>"",NOT(ISNUMBER(N39))),"／電流が数値でない","")&IF(AND(C39<>"",C39<1),"／開始Uが1未満","")&IF(AND(E39<>"",E39>IFERROR(VLOOKUP(A39,ラック定義!$A:$B,2,FALSE),47)),"／総Uをはみ出す","")&IF(AND(A39<>"",COUNTIF(ラック定義!$A:$A,A39)=0),"／ラックが定義にない","")&IF(AND(SUMPRODUCT((機器台帳!$A$2:$A$400=$A39)*((機器台帳!$B$2:$B$400=$B39)+(機器台帳!$B$2:$B$400="両面")+($B39="両面")>0)*(機器台帳!$C$2:$C$400<=$C39+$D39-1)*(機器台帳!$C$2:$C$400+機器台帳!$D$2:$D$400-1>=$C39)*(機器台帳!$F$2:$F$400<>""))-1>0,NOT(SUMPRODUCT(--ISNUMBER(SEARCH({"棚板","棚","アングル","ｱﾝｸﾞﾙ","使用不可","ケーブル","ｹｰﾌﾞﾙ","PatchPnael","パッチ","引き出し","引出","ブランク","ﾌﾞﾗﾝｸ","マネージ","ﾏﾈｰｼﾞ","PDU","ONU"},$F39&"")))>0)),"／同じUに他の機器(横並びなら正常)","")&IF(AND(M39<>"",COUNTIFS(回路定義!$A:$A,A39,回路定義!$B:$B,M39)=0),"／回路1が定義にない","")&IF(AND(P39<>"",COUNTIFS(回路定義!$A:$A,A39,回路定義!$B:$B,P39)=0),"／回路2が定義にない","")&IF(AND(S39<>"",COUNTIFS(回路定義!$A:$A,A39,回路定義!$B:$B,S39)=0),"／回路3が定義にない",""))="","",MID(IF(AND(Y39=0,NOT(SUMPRODUCT(--ISNUMBER(SEARCH({"棚板","棚","アングル","ｱﾝｸﾞﾙ","使用不可","ケーブル","ｹｰﾌﾞﾙ","PatchPnael","パッチ","引き出し","引出","ブランク","ﾌﾞﾗﾝｸ","マネージ","ﾏﾈｰｼﾞ","PDU","ONU"},$F39&"")))>0),NOT(SUMPRODUCT(--ISNUMBER(SEARCH({"電源オフ","未投入","停止","未使用","撤去"},$X39&"")))>0)),"／電力が未記入","")&IF(AND(NOT(ISNUMBER(J39)),NOT(SUMPRODUCT(--ISNUMBER(SEARCH({"棚板","棚","アングル","ｱﾝｸﾞﾙ","使用不可","ケーブル","ｹｰﾌﾞﾙ","PatchPnael","パッチ","引き出し","引出","ブランク","ﾌﾞﾗﾝｸ","マネージ","ﾏﾈｰｼﾞ","PDU","ONU"},$F39&"")))>0)),"／重量が未記入","")&IF(AND(K39<>"",NOT(ISNUMBER(K39))),"／電圧が数値でない","")&IF(AND(N39<>"",NOT(ISNUMBER(N39))),"／電流が数値でない","")&IF(AND(C39<>"",C39<1),"／開始Uが1未満","")&IF(AND(E39<>"",E39>IFERROR(VLOOKUP(A39,ラック定義!$A:$B,2,FALSE),47)),"／総Uをはみ出す","")&IF(AND(A39<>"",COUNTIF(ラック定義!$A:$A,A39)=0),"／ラックが定義にない","")&IF(AND(SUMPRODUCT((機器台帳!$A$2:$A$400=$A39)*((機器台帳!$B$2:$B$400=$B39)+(機器台帳!$B$2:$B$400="両面")+($B39="両面")>0)*(機器台帳!$C$2:$C$400<=$C39+$D39-1)*(機器台帳!$C$2:$C$400+機器台帳!$D$2:$D$400-1>=$C39)*(機器台帳!$F$2:$F$400<>""))-1>0,NOT(SUMPRODUCT(--ISNUMBER(SEARCH({"棚板","棚","アングル","ｱﾝｸﾞﾙ","使用不可","ケーブル","ｹｰﾌﾞﾙ","PatchPnael","パッチ","引き出し","引出","ブランク","ﾌﾞﾗﾝｸ","マネージ","ﾏﾈｰｼﾞ","PDU","ONU"},$F39&"")))>0)),"／同じUに他の機器(横並びなら正常)","")&IF(AND(M39<>"",COUNTIFS(回路定義!$A:$A,A39,回路定義!$B:$B,M39)=0),"／回路1が定義にない","")&IF(AND(P39<>"",COUNTIFS(回路定義!$A:$A,A39,回路定義!$B:$B,P39)=0),"／回路2が定義にない","")&IF(AND(S39<>"",COUNTIFS(回路定義!$A:$A,A39,回路定義!$B:$B,S39)=0),"／回路3が定義にない",""),2,300)))
A40: E24-S8-2 | B40: 前面 | C40: 20 | D40: 2 | E40: =IF(C40="","",C40+D40-1) | F40: Huawei switch | G40: H1703067 | I40: Server | K40: 200 | L40: 1 | M40: 200V 30A （1） | N40: 1.5 | O40: 2 | V40: ○ | Y40: =COUNT(N40,Q40,T40) | Z40: =IF(OR(K40="",NOT(ISNUMBER(K40))),"",K40*SUM(N40,Q40,T40)) | AA40: =IF(OR(Y40=0,N40=""),"",N40/Y40) | AB40: =IF(OR(Y40=0,Q40=""),"",Q40/Y40) | AC40: =IF(OR(Y40=0,T40=""),"",T40/Y40) | AD40: =IF(F40="","",IF((IF(AND(Y40=0,NOT(SUMPRODUCT(--ISNUMBER(SEARCH({"棚板","棚","アングル","ｱﾝｸﾞﾙ","使用不可","ケーブル","ｹｰﾌﾞﾙ","PatchPnael","パッチ","引き出し","引出","ブランク","ﾌﾞﾗﾝｸ","マネージ","ﾏﾈｰｼﾞ","PDU","ONU"},$F40&"")))>0),NOT(SUMPRODUCT(--ISNUMBER(SEARCH({"電源オフ","未投入","停止","未使用","撤去"},$X40&"")))>0)),"／電力が未記入","")&IF(AND(NOT(ISNUMBER(J40)),NOT(SUMPRODUCT(--ISNUMBER(SEARCH({"棚板","棚","アングル","ｱﾝｸﾞﾙ","使用不可","ケーブル","ｹｰﾌﾞﾙ","PatchPnael","パッチ","引き出し","引出","ブランク","ﾌﾞﾗﾝｸ","マネージ","ﾏﾈｰｼﾞ","PDU","ONU"},$F40&"")))>0)),"／重量が未記入","")&IF(AND(K40<>"",NOT(ISNUMBER(K40))),"／電圧が数値でない","")&IF(AND(N40<>"",NOT(ISNUMBER(N40))),"／電流が数値でない","")&IF(AND(C40<>"",C40<1),"／開始Uが1未満","")&IF(AND(E40<>"",E40>IFERROR(VLOOKUP(A40,ラック定義!$A:$B,2,FALSE),47)),"／総Uをはみ出す","")&IF(AND(A40<>"",COUNTIF(ラック定義!$A:$A,A40)=0),"／ラックが定義にない","")&IF(AND(SUMPRODUCT((機器台帳!$A$2:$A$400=$A40)*((機器台帳!$B$2:$B$400=$B40)+(機器台帳!$B$2:$B$400="両面")+($B40="両面")>0)*(機器台帳!$C$2:$C$400<=$C40+$D40-1)*(機器台帳!$C$2:$C$400+機器台帳!$D$2:$D$400-1>=$C40)*(機器台帳!$F$2:$F$400<>""))-1>0,NOT(SUMPRODUCT(--ISNUMBER(SEARCH({"棚板","棚","アングル","ｱﾝｸﾞﾙ","使用不可","ケーブル","ｹｰﾌﾞﾙ","PatchPnael","パッチ","引き出し","引出","ブランク","ﾌﾞﾗﾝｸ","マネージ","ﾏﾈｰｼﾞ","PDU","ONU"},$F40&"")))>0)),"／同じUに他の機器(横並びなら正常)","")&IF(AND(M40<>"",COUNTIFS(回路定義!$A:$A,A40,回路定義!$B:$B,M40)=0),"／回路1が定義にない","")&IF(AND(P40<>"",COUNTIFS(回路定義!$A:$A,A40,回路定義!$B:$B,P40)=0),"／回路2が定義にない","")&IF(AND(S40<>"",COUNTIFS(回路定義!$A:$A,A40,回路定義!$B:$B,S40)=0),"／回路3が定義にない",""))="","",MID(IF(AND(Y40=0,NOT(SUMPRODUCT(--ISNUMBER(SEARCH({"棚板","棚","アングル","ｱﾝｸﾞﾙ","使用不可","ケーブル","ｹｰﾌﾞﾙ","PatchPnael","パッチ","引き出し","引出","ブランク","ﾌﾞﾗﾝｸ","マネージ","ﾏﾈｰｼﾞ","PDU","ONU"},$F40&"")))>0),NOT(SUMPRODUCT(--ISNUMBER(SEARCH({"電源オフ","未投入","停止","未使用","撤去"},$X40&"")))>0)),"／電力が未記入","")&IF(AND(NOT(ISNUMBER(J40)),NOT(SUMPRODUCT(--ISNUMBER(SEARCH({"棚板","棚","アングル","ｱﾝｸﾞﾙ","使用不可","ケーブル","ｹｰﾌﾞﾙ","PatchPnael","パッチ","引き出し","引出","ブランク","ﾌﾞﾗﾝｸ","マネージ","ﾏﾈｰｼﾞ","PDU","ONU"},$F40&"")))>0)),"／重量が未記入","")&IF(AND(K40<>"",NOT(ISNUMBER(K40))),"／電圧が数値でない","")&IF(AND(N40<>"",NOT(ISNUMBER(N40))),"／電流が数値でない","")&IF(AND(C40<>"",C40<1),"／開始Uが1未満","")&IF(AND(E40<>"",E40>IFERROR(VLOOKUP(A40,ラック定義!$A:$B,2,FALSE),47)),"／総Uをはみ出す","")&IF(AND(A40<>"",COUNTIF(ラック定義!$A:$A,A40)=0),"／ラックが定義にない","")&IF(AND(SUMPRODUCT((機器台帳!$A$2:$A$400=$A40)*((機器台帳!$B$2:$B$400=$B40)+(機器台帳!$B$2:$B$400="両面")+($B40="両面")>0)*(機器台帳!$C$2:$C$400<=$C40+$D40-1)*(機器台帳!$C$2:$C$400+機器台帳!$D$2:$D$400-1>=$C40)*(機器台帳!$F$2:$F$400<>""))-1>0,NOT(SUMPRODUCT(--ISNUMBER(SEARCH({"棚板","棚","アングル","ｱﾝｸﾞﾙ","使用不可","ケーブル","ｹｰﾌﾞﾙ","PatchPnael","パッチ","引き出し","引出","ブランク","ﾌﾞﾗﾝｸ","マネージ","ﾏﾈｰｼﾞ","PDU","ONU"},$F40&"")))>0)),"／同じUに他の機器(横並びなら正常)","")&IF(AND(M40<>"",COUNTIFS(回路定義!$A:$A,A40,回路定義!$B:$B,M40)=0),"／回路1が定義にない","")&IF(AND(P40<>"",COUNTIFS(回路定義!$A:$A,A40,回路定義!$B:$B,P40)=0),"／回路2が定義にない","")&IF(AND(S40<>"",COUNTIFS(回路定義!$A:$A,A40,回路定義!$B:$B,S40)=0),"／回路3が定義にない",""),2,300)))
A41: E24-S8-2 | B41: 背面 | C41: 20 | D41: 1 | E41: =IF(C41="","",C41+D41-1) | F41: Huawei server | G41: H1703061 | I41: Server | V41: ○ | Y41: =COUNT(N41,Q41,T41) | Z41: =IF(OR(K41="",NOT(ISNUMBER(K41))),"",K41*SUM(N41,Q41,T41)) | AA41: =IF(OR(Y41=0,N41=""),"",N41/Y41) | AB41: =IF(OR(Y41=0,Q41=""),"",Q41/Y41) | AC41: =IF(OR(Y41=0,T41=""),"",T41/Y41) | AD41: =IF(F41="","",IF((IF(AND(Y41=0,NOT(SUMPRODUCT(--ISNUMBER(SEARCH({"棚板","棚","アングル","ｱﾝｸﾞﾙ","使用不可","ケーブル","ｹｰﾌﾞﾙ","PatchPnael","パッチ","引き出し","引出","ブランク","ﾌﾞﾗﾝｸ","マネージ","ﾏﾈｰｼﾞ","PDU","ONU"},$F41&"")))>0),NOT(SUMPRODUCT(--ISNUMBER(SEARCH({"電源オフ","未投入","停止","未使用","撤去"},$X41&"")))>0)),"／電力が未記入","")&IF(AND(NOT(ISNUMBER(J41)),NOT(SUMPRODUCT(--ISNUMBER(SEARCH({"棚板","棚","アングル","ｱﾝｸﾞﾙ","使用不可","ケーブル","ｹｰﾌﾞﾙ","PatchPnael","パッチ","引き出し","引出","ブランク","ﾌﾞﾗﾝｸ","マネージ","ﾏﾈｰｼﾞ","PDU","ONU"},$F41&"")))>0)),"／重量が未記入","")&IF(AND(K41<>"",NOT(ISNUMBER(K41))),"／電圧が数値でない","")&IF(AND(N41<>"",NOT(ISNUMBER(N41))),"／電流が数値でない","")&IF(AND(C41<>"",C41<1),"／開始Uが1未満","")&IF(AND(E41<>"",E41>IFERROR(VLOOKUP(A41,ラック定義!$A:$B,2,FALSE),47)),"／総Uをはみ出す","")&IF(AND(A41<>"",COUNTIF(ラック定義!$A:$A,A41)=0),"／ラックが定義にない","")&IF(AND(SUMPRODUCT((機器台帳!$A$2:$A$400=$A41)*((機器台帳!$B$2:$B$400=$B41)+(機器台帳!$B$2:$B$400="両面")+($B41="両面")>0)*(機器台帳!$C$2:$C$400<=$C41+$D41-1)*(機器台帳!$C$2:$C$400+機器台帳!$D$2:$D$400-1>=$C41)*(機器台帳!$F$2:$F$400<>""))-1>0,NOT(SUMPRODUCT(--ISNUMBER(SEARCH({"棚板","棚","アングル","ｱﾝｸﾞﾙ","使用不可","ケーブル","ｹｰﾌﾞﾙ","PatchPnael","パッチ","引き出し","引出","ブランク","ﾌﾞﾗﾝｸ","マネージ","ﾏﾈｰｼﾞ","PDU","ONU"},$F41&"")))>0)),"／同じUに他の機器(横並びなら正常)","")&IF(AND(M41<>"",COUNTIFS(回路定義!$A:$A,A41,回路定義!$B:$B,M41)=0),"／回路1が定義にない","")&IF(AND(P41<>"",COUNTIFS(回路定義!$A:$A,A41,回路定義!$B:$B,P41)=0),"／回路2が定義にない","")&IF(AND(S41<>"",COUNTIFS(回路定義!$A:$A,A41,回路定義!$B:$B,S41)=0),"／回路3が定義にない",""))="","",MID(IF(AND(Y41=0,NOT(SUMPRODUCT(--ISNUMBER(SEARCH({"棚板","棚","アングル","ｱﾝｸﾞﾙ","使用不可","ケーブル","ｹｰﾌﾞﾙ","PatchPnael","パッチ","引き出し","引出","ブランク","ﾌﾞﾗﾝｸ","マネージ","ﾏﾈｰｼﾞ","PDU","ONU"},$F41&"")))>0),NOT(SUMPRODUCT(--ISNUMBER(SEARCH({"電源オフ","未投入","停止","未使用","撤去"},$X41&"")))>0)),"／電力が未記入","")&IF(AND(NOT(ISNUMBER(J41)),NOT(SUMPRODUCT(--ISNUMBER(SEARCH({"棚板","棚","アングル","ｱﾝｸﾞﾙ","使用不可","ケーブル","ｹｰﾌﾞﾙ","PatchPnael","パッチ","引き出し","引出","ブランク","ﾌﾞﾗﾝｸ","マネージ","ﾏﾈｰｼﾞ","PDU","ONU"},$F41&"")))>0)),"／重量が未記入","")&IF(AND(K41<>"",NOT(ISNUMBER(K41))),"／電圧が数値でない","")&IF(AND(N41<>"",NOT(ISNUMBER(N41))),"／電流が数値でない","")&IF(AND(C41<>"",C41<1),"／開始Uが1未満","")&IF(AND(E41<>"",E41>IFERROR(VLOOKUP(A41,ラック定義!$A:$B,2,FALSE),47)),"／総Uをはみ出す","")&IF(AND(A41<>"",COUNTIF(ラック定義!$A:$A,A41)=0),"／ラックが定義にない","")&IF(AND(SUMPRODUCT((機器台帳!$A$2:$A$400=$A41)*((機器台帳!$B$2:$B$400=$B41)+(機器台帳!$B$2:$B$400="両面")+($B41="両面")>0)*(機器台帳!$C$2:$C$400<=$C41+$D41-1)*(機器台帳!$C$2:$C$400+機器台帳!$D$2:$D$400-1>=$C41)*(機器台帳!$F$2:$F$400<>""))-1>0,NOT(SUMPRODUCT(--ISNUMBER(SEARCH({"棚板","棚","アングル","ｱﾝｸﾞﾙ","使用不可","ケーブル","ｹｰﾌﾞﾙ","PatchPnael","パッチ","引き出し","引出","ブランク","ﾌﾞﾗﾝｸ","マネージ","ﾏﾈｰｼﾞ","PDU","ONU"},$F41&"")))>0)),"／同じUに他の機器(横並びなら正常)","")&IF(AND(M41<>"",COUNTIFS(回路定義!$A:$A,A41,回路定義!$B:$B,M41)=0),"／回路1が定義にない","")&IF(AND(P41<>"",COUNTIFS(回路定義!$A:$A,A41,回路定義!$B:$B,P41)=0),"／回路2が定義にない","")&IF(AND(S41<>"",COUNTIFS(回路定義!$A:$A,A41,回路定義!$B:$B,S41)=0),"／回路3が定義にない",""),2,300)))
A42: E24-S8-2 | B42: 前面 | C42: 19 | D42: 1 | E42: =IF(C42="","",C42+D42-1) | F42: 要確認: 原本 行32 の電力 | I42: Server | K42: 200 | L42: 1 | M42: 200V 30A （1） | N42: 1.5 | O42: 2 | X42: 原本に電力の記入はあるが機器が描かれていない行 | Y42: =COUNT(N42,Q42,T42) | Z42: =IF(OR(K42="",NOT(ISNUMBER(K42))),"",K42*SUM(N42,Q42,T42)) | AA42: =IF(OR(Y42=0,N42=""),"",N42/Y42) | AB42: =IF(OR(Y42=0,Q42=""),"",Q42/Y42) | AC42: =IF(OR(Y42=0,T42=""),"",T42/Y42) | AD42: =IF(F42="","",IF((IF(AND(Y42=0,NOT(SUMPRODUCT(--ISNUMBER(SEARCH({"棚板","棚","アングル","ｱﾝｸﾞﾙ","使用不可","ケーブル","ｹｰﾌﾞﾙ","PatchPnael","パッチ","引き出し","引出","ブランク","ﾌﾞﾗﾝｸ","マネージ","ﾏﾈｰｼﾞ","PDU","ONU"},$F42&"")))>0),NOT(SUMPRODUCT(--ISNUMBER(SEARCH({"電源オフ","未投入","停止","未使用","撤去"},$X42&"")))>0)),"／電力が未記入","")&IF(AND(NOT(ISNUMBER(J42)),NOT(SUMPRODUCT(--ISNUMBER(SEARCH({"棚板","棚","アングル","ｱﾝｸﾞﾙ","使用不可","ケーブル","ｹｰﾌﾞﾙ","PatchPnael","パッチ","引き出し","引出","ブランク","ﾌﾞﾗﾝｸ","マネージ","ﾏﾈｰｼﾞ","PDU","ONU"},$F42&"")))>0)),"／重量が未記入","")&IF(AND(K42<>"",NOT(ISNUMBER(K42))),"／電圧が数値でない","")&IF(AND(N42<>"",NOT(ISNUMBER(N42))),"／電流が数値でない","")&IF(AND(C42<>"",C42<1),"／開始Uが1未満","")&IF(AND(E42<>"",E42>IFERROR(VLOOKUP(A42,ラック定義!$A:$B,2,FALSE),47)),"／総Uをはみ出す","")&IF(AND(A42<>"",COUNTIF(ラック定義!$A:$A,A42)=0),"／ラックが定義にない","")&IF(AND(SUMPRODUCT((機器台帳!$A$2:$A$400=$A42)*((機器台帳!$B$2:$B$400=$B42)+(機器台帳!$B$2:$B$400="両面")+($B42="両面")>0)*(機器台帳!$C$2:$C$400<=$C42+$D42-1)*(機器台帳!$C$2:$C$400+機器台帳!$D$2:$D$400-1>=$C42)*(機器台帳!$F$2:$F$400<>""))-1>0,NOT(SUMPRODUCT(--ISNUMBER(SEARCH({"棚板","棚","アングル","ｱﾝｸﾞﾙ","使用不可","ケーブル","ｹｰﾌﾞﾙ","PatchPnael","パッチ","引き出し","引出","ブランク","ﾌﾞﾗﾝｸ","マネージ","ﾏﾈｰｼﾞ","PDU","ONU"},$F42&"")))>0)),"／同じUに他の機器(横並びなら正常)","")&IF(AND(M42<>"",COUNTIFS(回路定義!$A:$A,A42,回路定義!$B:$B,M42)=0),"／回路1が定義にない","")&IF(AND(P42<>"",COUNTIFS(回路定義!$A:$A,A42,回路定義!$B:$B,P42)=0),"／回路2が定義にない","")&IF(AND(S42<>"",COUNTIFS(回路定義!$A:$A,A42,回路定義!$B:$B,S42)=0),"／回路3が定義にない",""))="","",MID(IF(AND(Y42=0,NOT(SUMPRODUCT(--ISNUMBER(SEARCH({"棚板","棚","アングル","ｱﾝｸﾞﾙ","使用不可","ケーブル","ｹｰﾌﾞﾙ","PatchPnael","パッチ","引き出し","引出","ブランク","ﾌﾞﾗﾝｸ","マネージ","ﾏﾈｰｼﾞ","PDU","ONU"},$F42&"")))>0),NOT(SUMPRODUCT(--ISNUMBER(SEARCH({"電源オフ","未投入","停止","未使用","撤去"},$X42&"")))>0)),"／電力が未記入","")&IF(AND(NOT(ISNUMBER(J42)),NOT(SUMPRODUCT(--ISNUMBER(SEARCH({"棚板","棚","アングル","ｱﾝｸﾞﾙ","使用不可","ケーブル","ｹｰﾌﾞﾙ","PatchPnael","パッチ","引き出し","引出","ブランク","ﾌﾞﾗﾝｸ","マネージ","ﾏﾈｰｼﾞ","PDU","ONU"},$F42&"")))>0)),"／重量が未記入","")&IF(AND(K42<>"",NOT(ISNUMBER(K42))),"／電圧が数値でない","")&IF(AND(N42<>"",NOT(ISNUMBER(N42))),"／電流が数値でない","")&IF(AND(C42<>"",C42<1),"／開始Uが1未満","")&IF(AND(E42<>"",E42>IFERROR(VLOOKUP(A42,ラック定義!$A:$B,2,FALSE),47)),"／総Uをはみ出す","")&IF(AND(A42<>"",COUNTIF(ラック定義!$A:$A,A42)=0),"／ラックが定義にない","")&IF(AND(SUMPRODUCT((機器台帳!$A$2:$A$400=$A42)*((機器台帳!$B$2:$B$400=$B42)+(機器台帳!$B$2:$B$400="両面")+($B42="両面")>0)*(機器台帳!$C$2:$C$400<=$C42+$D42-1)*(機器台帳!$C$2:$C$400+機器台帳!$D$2:$D$400-1>=$C42)*(機器台帳!$F$2:$F$400<>""))-1>0,NOT(SUMPRODUCT(--ISNUMBER(SEARCH({"棚板","棚","アングル","ｱﾝｸﾞﾙ","使用不可","ケーブル","ｹｰﾌﾞﾙ","PatchPnael","パッチ","引き出し","引出","ブランク","ﾌﾞﾗﾝｸ","マネージ","ﾏﾈｰｼﾞ","PDU","ONU"},$F42&"")))>0)),"／同じUに他の機器(横並びなら正常)","")&IF(AND(M42<>"",COUNTIFS(回路定義!$A:$A,A42,回路定義!$B:$B,M42)=0),"／回路1が定義にない","")&IF(AND(P42<>"",COUNTIFS(回路定義!$A:$A,A42,回路定義!$B:$B,P42)=0),"／回路2が定義にない","")&IF(AND(S42<>"",COUNTIFS(回路定義!$A:$A,A42,回路定義!$B:$B,S42)=0),"／回路3が定義にない",""),2,300)))
A43: E24-S8-2 | B43: 前面 | C43: 15 | D43: 1 | E43: =IF(C43="","",C43+D43-1) | F43: 要確認: 原本 行36 の電力 | I43: SW | J43: 4.5 | K43: 100 | L43: 2 | M43: 100V 20A （1） | N43: 0.5 | O43: 1 | P43: 100V 20A （2） | Q43: 0.5 | R43: 1 | X43: 原本に電力の記入はあるが機器が描かれていない行 | Y43: =COUNT(N43,Q43,T43) | Z43: =IF(OR(K43="",NOT(ISNUMBER(K43))),"",K43*SUM(N43,Q43,T43)) | AA43: =IF(OR(Y43=0,N43=""),"",N43/Y43) | AB43: =IF(OR(Y43=0,Q43=""),"",Q43/Y43) | AC43: =IF(OR(Y43=0,T43=""),"",T43/Y43) | AD43: =IF(F43="","",IF((IF(AND(Y43=0,NOT(SUMPRODUCT(--ISNUMBER(SEARCH({"棚板","棚","アングル","ｱﾝｸﾞﾙ","使用不可","ケーブル","ｹｰﾌﾞﾙ","PatchPnael","パッチ","引き出し","引出","ブランク","ﾌﾞﾗﾝｸ","マネージ","ﾏﾈｰｼﾞ","PDU","ONU"},$F43&"")))>0),NOT(SUMPRODUCT(--ISNUMBER(SEARCH({"電源オフ","未投入","停止","未使用","撤去"},$X43&"")))>0)),"／電力が未記入","")&IF(AND(NOT(ISNUMBER(J43)),NOT(SUMPRODUCT(--ISNUMBER(SEARCH({"棚板","棚","アングル","ｱﾝｸﾞﾙ","使用不可","ケーブル","ｹｰﾌﾞﾙ","PatchPnael","パッチ","引き出し","引出","ブランク","ﾌﾞﾗﾝｸ","マネージ","ﾏﾈｰｼﾞ","PDU","ONU"},$F43&"")))>0)),"／重量が未記入","")&IF(AND(K43<>"",NOT(ISNUMBER(K43))),"／電圧が数値でない","")&IF(AND(N43<>"",NOT(ISNUMBER(N43))),"／電流が数値でない","")&IF(AND(C43<>"",C43<1),"／開始Uが1未満","")&IF(AND(E43<>"",E43>IFERROR(VLOOKUP(A43,ラック定義!$A:$B,2,FALSE),47)),"／総Uをはみ出す","")&IF(AND(A43<>"",COUNTIF(ラック定義!$A:$A,A43)=0),"／ラックが定義にない","")&IF(AND(SUMPRODUCT((機器台帳!$A$2:$A$400=$A43)*((機器台帳!$B$2:$B$400=$B43)+(機器台帳!$B$2:$B$400="両面")+($B43="両面")>0)*(機器台帳!$C$2:$C$400<=$C43+$D43-1)*(機器台帳!$C$2:$C$400+機器台帳!$D$2:$D$400-1>=$C43)*(機器台帳!$F$2:$F$400<>""))-1>0,NOT(SUMPRODUCT(--ISNUMBER(SEARCH({"棚板","棚","アングル","ｱﾝｸﾞﾙ","使用不可","ケーブル","ｹｰﾌﾞﾙ","PatchPnael","パッチ","引き出し","引出","ブランク","ﾌﾞﾗﾝｸ","マネージ","ﾏﾈｰｼﾞ","PDU","ONU"},$F43&"")))>0)),"／同じUに他の機器(横並びなら正常)","")&IF(AND(M43<>"",COUNTIFS(回路定義!$A:$A,A43,回路定義!$B:$B,M43)=0),"／回路1が定義にない","")&IF(AND(P43<>"",COUNTIFS(回路定義!$A:$A,A43,回路定義!$B:$B,P43)=0),"／回路2が定義にない","")&IF(AND(S43<>"",COUNTIFS(回路定義!$A:$A,A43,回路定義!$B:$B,S43)=0),"／回路3が定義にない",""))="","",MID(IF(AND(Y43=0,NOT(SUMPRODUCT(--ISNUMBER(SEARCH({"棚板","棚","アングル","ｱﾝｸﾞﾙ","使用不可","ケーブル","ｹｰﾌﾞﾙ","PatchPnael","パッチ","引き出し","引出","ブランク","ﾌﾞﾗﾝｸ","マネージ","ﾏﾈｰｼﾞ","PDU","ONU"},$F43&"")))>0),NOT(SUMPRODUCT(--ISNUMBER(SEARCH({"電源オフ","未投入","停止","未使用","撤去"},$X43&"")))>0)),"／電力が未記入","")&IF(AND(NOT(ISNUMBER(J43)),NOT(SUMPRODUCT(--ISNUMBER(SEARCH({"棚板","棚","アングル","ｱﾝｸﾞﾙ","使用不可","ケーブル","ｹｰﾌﾞﾙ","PatchPnael","パッチ","引き出し","引出","ブランク","ﾌﾞﾗﾝｸ","マネージ","ﾏﾈｰｼﾞ","PDU","ONU"},$F43&"")))>0)),"／重量が未記入","")&IF(AND(K43<>"",NOT(ISNUMBER(K43))),"／電圧が数値でない","")&IF(AND(N43<>"",NOT(ISNUMBER(N43))),"／電流が数値でない","")&IF(AND(C43<>"",C43<1),"／開始Uが1未満","")&IF(AND(E43<>"",E43>IFERROR(VLOOKUP(A43,ラック定義!$A:$B,2,FALSE),47)),"／総Uをはみ出す","")&IF(AND(A43<>"",COUNTIF(ラック定義!$A:$A,A43)=0),"／ラックが定義にない","")&IF(AND(SUMPRODUCT((機器台帳!$A$2:$A$400=$A43)*((機器台帳!$B$2:$B$400=$B43)+(機器台帳!$B$2:$B$400="両面")+($B43="両面")>0)*(機器台帳!$C$2:$C$400<=$C43+$D43-1)*(機器台帳!$C$2:$C$400+機器台帳!$D$2:$D$400-1>=$C43)*(機器台帳!$F$2:$F$400<>""))-1>0,NOT(SUMPRODUCT(--ISNUMBER(SEARCH({"棚板","棚","アングル","ｱﾝｸﾞﾙ","使用不可","ケーブル","ｹｰﾌﾞﾙ","PatchPnael","パッチ","引き出し","引出","ブランク","ﾌﾞﾗﾝｸ","マネージ","ﾏﾈｰｼﾞ","PDU","ONU"},$F43&"")))>0)),"／同じUに他の機器(横並びなら正常)","")&IF(AND(M43<>"",COUNTIFS(回路定義!$A:$A,A43,回路定義!$B:$B,M43)=0),"／回路1が定義にない","")&IF(AND(P43<>"",COUNTIFS(回路定義!$A:$A,A43,回路定義!$B:$B,P43)=0),"／回路2が定義にない","")&IF(AND(S43<>"",COUNTIFS(回路定義!$A:$A,A43,回路定義!$B:$B,S43)=0),"／回路3が定義にない",""),2,300)))
A44: E24-S8-2 | B44: 前面 | C44: 13 | D44: 1 | E44: =IF(C44="","",C44+D44-1) | F44: R770 | G44: H2514995 | Y44: =COUNT(N44,Q44,T44) | Z44: =IF(OR(K44="",NOT(ISNUMBER(K44))),"",K44*SUM(N44,Q44,T44)) | AA44: =IF(OR(Y44=0,N44=""),"",N44/Y44) | AB44: =IF(OR(Y44=0,Q44=""),"",Q44/Y44) | AC44: =IF(OR(Y44=0,T44=""),"",T44/Y44) | AD44: =IF(F44="","",IF((IF(AND(Y44=0,NOT(SUMPRODUCT(--ISNUMBER(SEARCH({"棚板","棚","アングル","ｱﾝｸﾞﾙ","使用不可","ケーブル","ｹｰﾌﾞﾙ","PatchPnael","パッチ","引き出し","引出","ブランク","ﾌﾞﾗﾝｸ","マネージ","ﾏﾈｰｼﾞ","PDU","ONU"},$F44&"")))>0),NOT(SUMPRODUCT(--ISNUMBER(SEARCH({"電源オフ","未投入","停止","未使用","撤去"},$X44&"")))>0)),"／電力が未記入","")&IF(AND(NOT(ISNUMBER(J44)),NOT(SUMPRODUCT(--ISNUMBER(SEARCH({"棚板","棚","アングル","ｱﾝｸﾞﾙ","使用不可","ケーブル","ｹｰﾌﾞﾙ","PatchPnael","パッチ","引き出し","引出","ブランク","ﾌﾞﾗﾝｸ","マネージ","ﾏﾈｰｼﾞ","PDU","ONU"},$F44&"")))>0)),"／重量が未記入","")&IF(AND(K44<>"",NOT(ISNUMBER(K44))),"／電圧が数値でない","")&IF(AND(N44<>"",NOT(ISNUMBER(N44))),"／電流が数値でない","")&IF(AND(C44<>"",C44<1),"／開始Uが1未満","")&IF(AND(E44<>"",E44>IFERROR(VLOOKUP(A44,ラック定義!$A:$B,2,FALSE),47)),"／総Uをはみ出す","")&IF(AND(A44<>"",COUNTIF(ラック定義!$A:$A,A44)=0),"／ラックが定義にない","")&IF(AND(SUMPRODUCT((機器台帳!$A$2:$A$400=$A44)*((機器台帳!$B$2:$B$400=$B44)+(機器台帳!$B$2:$B$400="両面")+($B44="両面")>0)*(機器台帳!$C$2:$C$400<=$C44+$D44-1)*(機器台帳!$C$2:$C$400+機器台帳!$D$2:$D$400-1>=$C44)*(機器台帳!$F$2:$F$400<>""))-1>0,NOT(SUMPRODUCT(--ISNUMBER(SEARCH({"棚板","棚","アングル","ｱﾝｸﾞﾙ","使用不可","ケーブル","ｹｰﾌﾞﾙ","PatchPnael","パッチ","引き出し","引出","ブランク","ﾌﾞﾗﾝｸ","マネージ","ﾏﾈｰｼﾞ","PDU","ONU"},$F44&"")))>0)),"／同じUに他の機器(横並びなら正常)","")&IF(AND(M44<>"",COUNTIFS(回路定義!$A:$A,A44,回路定義!$B:$B,M44)=0),"／回路1が定義にない","")&IF(AND(P44<>"",COUNTIFS(回路定義!$A:$A,A44,回路定義!$B:$B,P44)=0),"／回路2が定義にない","")&IF(AND(S44<>"",COUNTIFS(回路定義!$A:$A,A44,回路定義!$B:$B,S44)=0),"／回路3が定義にない",""))="","",MID(IF(AND(Y44=0,NOT(SUMPRODUCT(--ISNUMBER(SEARCH({"棚板","棚","アングル","ｱﾝｸﾞﾙ","使用不可","ケーブル","ｹｰﾌﾞﾙ","PatchPnael","パッチ","引き出し","引出","ブランク","ﾌﾞﾗﾝｸ","マネージ","ﾏﾈｰｼﾞ","PDU","ONU"},$F44&"")))>0),NOT(SUMPRODUCT(--ISNUMBER(SEARCH({"電源オフ","未投入","停止","未使用","撤去"},$X44&"")))>0)),"／電力が未記入","")&IF(AND(NOT(ISNUMBER(J44)),NOT(SUMPRODUCT(--ISNUMBER(SEARCH({"棚板","棚","アングル","ｱﾝｸﾞﾙ","使用不可","ケーブル","ｹｰﾌﾞﾙ","PatchPnael","パッチ","引き出し","引出","ブランク","ﾌﾞﾗﾝｸ","マネージ","ﾏﾈｰｼﾞ","PDU","ONU"},$F44&"")))>0)),"／重量が未記入","")&IF(AND(K44<>"",NOT(ISNUMBER(K44))),"／電圧が数値でない","")&IF(AND(N44<>"",NOT(ISNUMBER(N44))),"／電流が数値でない","")&IF(AND(C44<>"",C44<1),"／開始Uが1未満","")&IF(AND(E44<>"",E44>IFERROR(VLOOKUP(A44,ラック定義!$A:$B,2,FALSE),47)),"／総Uをはみ出す","")&IF(AND(A44<>"",COUNTIF(ラック定義!$A:$A,A44)=0),"／ラックが定義にない","")&IF(AND(SUMPRODUCT((機器台帳!$A$2:$A$400=$A44)*((機器台帳!$B$2:$B$400=$B44)+(機器台帳!$B$2:$B$400="両面")+($B44="両面")>0)*(機器台帳!$C$2:$C$400<=$C44+$D44-1)*(機器台帳!$C$2:$C$400+機器台帳!$D$2:$D$400-1>=$C44)*(機器台帳!$F$2:$F$400<>""))-1>0,NOT(SUMPRODUCT(--ISNUMBER(SEARCH({"棚板","棚","アングル","ｱﾝｸﾞﾙ","使用不可","ケーブル","ｹｰﾌﾞﾙ","PatchPnael","パッチ","引き出し","引出","ブランク","ﾌﾞﾗﾝｸ","マネージ","ﾏﾈｰｼﾞ","PDU","ONU"},$F44&"")))>0)),"／同じUに他の機器(横並びなら正常)","")&IF(AND(M44<>"",COUNTIFS(回路定義!$A:$A,A44,回路定義!$B:$B,M44)=0),"／回路1が定義にない","")&IF(AND(P44<>"",COUNTIFS(回路定義!$A:$A,A44,回路定義!$B:$B,P44)=0),"／回路2が定義にない","")&IF(AND(S44<>"",COUNTIFS(回路定義!$A:$A,A44,回路定義!$B:$B,S44)=0),"／回路3が定義にない",""),2,300)))
A45: E24-S8-2 | B45: 前面 | C45: 7 | D45: 2 | E45: =IF(C45="","",C45+D45-1) | F45: OceanStor Drado 5000 V3(?) | I45: Storage | K45: 200 | L45: 1 | M45: 200V 30A （1） | N45: 1.5 | O45: 2 | V45: ○ | Y45: =COUNT(N45,Q45,T45) | Z45: =IF(OR(K45="",NOT(ISNUMBER(K45))),"",K45*SUM(N45,Q45,T45)) | AA45: =IF(OR(Y45=0,N45=""),"",N45/Y45) | AB45: =IF(OR(Y45=0,Q45=""),"",Q45/Y45) | AC45: =IF(OR(Y45=0,T45=""),"",T45/Y45) | AD45: =IF(F45="","",IF((IF(AND(Y45=0,NOT(SUMPRODUCT(--ISNUMBER(SEARCH({"棚板","棚","アングル","ｱﾝｸﾞﾙ","使用不可","ケーブル","ｹｰﾌﾞﾙ","PatchPnael","パッチ","引き出し","引出","ブランク","ﾌﾞﾗﾝｸ","マネージ","ﾏﾈｰｼﾞ","PDU","ONU"},$F45&"")))>0),NOT(SUMPRODUCT(--ISNUMBER(SEARCH({"電源オフ","未投入","停止","未使用","撤去"},$X45&"")))>0)),"／電力が未記入","")&IF(AND(NOT(ISNUMBER(J45)),NOT(SUMPRODUCT(--ISNUMBER(SEARCH({"棚板","棚","アングル","ｱﾝｸﾞﾙ","使用不可","ケーブル","ｹｰﾌﾞﾙ","PatchPnael","パッチ","引き出し","引出","ブランク","ﾌﾞﾗﾝｸ","マネージ","ﾏﾈｰｼﾞ","PDU","ONU"},$F45&"")))>0)),"／重量が未記入","")&IF(AND(K45<>"",NOT(ISNUMBER(K45))),"／電圧が数値でない","")&IF(AND(N45<>"",NOT(ISNUMBER(N45))),"／電流が数値でない","")&IF(AND(C45<>"",C45<1),"／開始Uが1未満","")&IF(AND(E45<>"",E45>IFERROR(VLOOKUP(A45,ラック定義!$A:$B,2,FALSE),47)),"／総Uをはみ出す","")&IF(AND(A45<>"",COUNTIF(ラック定義!$A:$A,A45)=0),"／ラックが定義にない","")&IF(AND(SUMPRODUCT((機器台帳!$A$2:$A$400=$A45)*((機器台帳!$B$2:$B$400=$B45)+(機器台帳!$B$2:$B$400="両面")+($B45="両面")>0)*(機器台帳!$C$2:$C$400<=$C45+$D45-1)*(機器台帳!$C$2:$C$400+機器台帳!$D$2:$D$400-1>=$C45)*(機器台帳!$F$2:$F$400<>""))-1>0,NOT(SUMPRODUCT(--ISNUMBER(SEARCH({"棚板","棚","アングル","ｱﾝｸﾞﾙ","使用不可","ケーブル","ｹｰﾌﾞﾙ","PatchPnael","パッチ","引き出し","引出","ブランク","ﾌﾞﾗﾝｸ","マネージ","ﾏﾈｰｼﾞ","PDU","ONU"},$F45&"")))>0)),"／同じUに他の機器(横並びなら正常)","")&IF(AND(M45<>"",COUNTIFS(回路定義!$A:$A,A45,回路定義!$B:$B,M45)=0),"／回路1が定義にない","")&IF(AND(P45<>"",COUNTIFS(回路定義!$A:$A,A45,回路定義!$B:$B,P45)=0),"／回路2が定義にない","")&IF(AND(S45<>"",COUNTIFS(回路定義!$A:$A,A45,回路定義!$B:$B,S45)=0),"／回路3が定義にない",""))="","",MID(IF(AND(Y45=0,NOT(SUMPRODUCT(--ISNUMBER(SEARCH({"棚板","棚","アングル","ｱﾝｸﾞﾙ","使用不可","ケーブル","ｹｰﾌﾞﾙ","PatchPnael","パッチ","引き出し","引出","ブランク","ﾌﾞﾗﾝｸ","マネージ","ﾏﾈｰｼﾞ","PDU","ONU"},$F45&"")))>0),NOT(SUMPRODUCT(--ISNUMBER(SEARCH({"電源オフ","未投入","停止","未使用","撤去"},$X45&"")))>0)),"／電力が未記入","")&IF(AND(NOT(ISNUMBER(J45)),NOT(SUMPRODUCT(--ISNUMBER(SEARCH({"棚板","棚","アングル","ｱﾝｸﾞﾙ","使用不可","ケーブル","ｹｰﾌﾞﾙ","PatchPnael","パッチ","引き出し","引出","ブランク","ﾌﾞﾗﾝｸ","マネージ","ﾏﾈｰｼﾞ","PDU","ONU"},$F45&"")))>0)),"／重量が未記入","")&IF(AND(K45<>"",NOT(ISNUMBER(K45))),"／電圧が数値でない","")&IF(AND(N45<>"",NOT(ISNUMBER(N45))),"／電流が数値でない","")&IF(AND(C45<>"",C45<1),"／開始Uが1未満","")&IF(AND(E45<>"",E45>IFERROR(VLOOKUP(A45,ラック定義!$A:$B,2,FALSE),47)),"／総Uをはみ出す","")&IF(AND(A45<>"",COUNTIF(ラック定義!$A:$A,A45)=0),"／ラックが定義にない","")&IF(AND(SUMPRODUCT((機器台帳!$A$2:$A$400=$A45)*((機器台帳!$B$2:$B$400=$B45)+(機器台帳!$B$2:$B$400="両面")+($B45="両面")>0)*(機器台帳!$C$2:$C$400<=$C45+$D45-1)*(機器台帳!$C$2:$C$400+機器台帳!$D$2:$D$400-1>=$C45)*(機器台帳!$F$2:$F$400<>""))-1>0,NOT(SUMPRODUCT(--ISNUMBER(SEARCH({"棚板","棚","アングル","ｱﾝｸﾞﾙ","使用不可","ケーブル","ｹｰﾌﾞﾙ","PatchPnael","パッチ","引き出し","引出","ブランク","ﾌﾞﾗﾝｸ","マネージ","ﾏﾈｰｼﾞ","PDU","ONU"},$F45&"")))>0)),"／同じUに他の機器(横並びなら正常)","")&IF(AND(M45<>"",COUNTIFS(回路定義!$A:$A,A45,回路定義!$B:$B,M45)=0),"／回路1が定義にない","")&IF(AND(P45<>"",COUNTIFS(回路定義!$A:$A,A45,回路定義!$B:$B,P45)=0),"／回路2が定義にない","")&IF(AND(S45<>"",COUNTIFS(回路定義!$A:$A,A45,回路定義!$B:$B,S45)=0),"／回路3が定義にない",""),2,300)))
A46: E24-S8-2 | B46: 背面 | C46: 8 | D46: 1 | E46: =IF(C46="","",C46+D46-1) | F46: Huawei storage(?) | I46: Storage | V46: ○ | Y46: =COUNT(N46,Q46,T46) | Z46: =IF(OR(K46="",NOT(ISNUMBER(K46))),"",K46*SUM(N46,Q46,T46)) | AA46: =IF(OR(Y46=0,N46=""),"",N46/Y46) | AB46: =IF(OR(Y46=0,Q46=""),"",Q46/Y46) | AC46: =IF(OR(Y46=0,T46=""),"",T46/Y46) | AD46: =IF(F46="","",IF((IF(AND(Y46=0,NOT(SUMPRODUCT(--ISNUMBER(SEARCH({"棚板","棚","アングル","ｱﾝｸﾞﾙ","使用不可","ケーブル","ｹｰﾌﾞﾙ","PatchPnael","パッチ","引き出し","引出","ブランク","ﾌﾞﾗﾝｸ","マネージ","ﾏﾈｰｼﾞ","PDU","ONU"},$F46&"")))>0),NOT(SUMPRODUCT(--ISNUMBER(SEARCH({"電源オフ","未投入","停止","未使用","撤去"},$X46&"")))>0)),"／電力が未記入","")&IF(AND(NOT(ISNUMBER(J46)),NOT(SUMPRODUCT(--ISNUMBER(SEARCH({"棚板","棚","アングル","ｱﾝｸﾞﾙ","使用不可","ケーブル","ｹｰﾌﾞﾙ","PatchPnael","パッチ","引き出し","引出","ブランク","ﾌﾞﾗﾝｸ","マネージ","ﾏﾈｰｼﾞ","PDU","ONU"},$F46&"")))>0)),"／重量が未記入","")&IF(AND(K46<>"",NOT(ISNUMBER(K46))),"／電圧が数値でない","")&IF(AND(N46<>"",NOT(ISNUMBER(N46))),"／電流が数値でない","")&IF(AND(C46<>"",C46<1),"／開始Uが1未満","")&IF(AND(E46<>"",E46>IFERROR(VLOOKUP(A46,ラック定義!$A:$B,2,FALSE),47)),"／総Uをはみ出す","")&IF(AND(A46<>"",COUNTIF(ラック定義!$A:$A,A46)=0),"／ラックが定義にない","")&IF(AND(SUMPRODUCT((機器台帳!$A$2:$A$400=$A46)*((機器台帳!$B$2:$B$400=$B46)+(機器台帳!$B$2:$B$400="両面")+($B46="両面")>0)*(機器台帳!$C$2:$C$400<=$C46+$D46-1)*(機器台帳!$C$2:$C$400+機器台帳!$D$2:$D$400-1>=$C46)*(機器台帳!$F$2:$F$400<>""))-1>0,NOT(SUMPRODUCT(--ISNUMBER(SEARCH({"棚板","棚","アングル","ｱﾝｸﾞﾙ","使用不可","ケーブル","ｹｰﾌﾞﾙ","PatchPnael","パッチ","引き出し","引出","ブランク","ﾌﾞﾗﾝｸ","マネージ","ﾏﾈｰｼﾞ","PDU","ONU"},$F46&"")))>0)),"／同じUに他の機器(横並びなら正常)","")&IF(AND(M46<>"",COUNTIFS(回路定義!$A:$A,A46,回路定義!$B:$B,M46)=0),"／回路1が定義にない","")&IF(AND(P46<>"",COUNTIFS(回路定義!$A:$A,A46,回路定義!$B:$B,P46)=0),"／回路2が定義にない","")&IF(AND(S46<>"",COUNTIFS(回路定義!$A:$A,A46,回路定義!$B:$B,S46)=0),"／回路3が定義にない",""))="","",MID(IF(AND(Y46=0,NOT(SUMPRODUCT(--ISNUMBER(SEARCH({"棚板","棚","アングル","ｱﾝｸﾞﾙ","使用不可","ケーブル","ｹｰﾌﾞﾙ","PatchPnael","パッチ","引き出し","引出","ブランク","ﾌﾞﾗﾝｸ","マネージ","ﾏﾈｰｼﾞ","PDU","ONU"},$F46&"")))>0),NOT(SUMPRODUCT(--ISNUMBER(SEARCH({"電源オフ","未投入","停止","未使用","撤去"},$X46&"")))>0)),"／電力が未記入","")&IF(AND(NOT(ISNUMBER(J46)),NOT(SUMPRODUCT(--ISNUMBER(SEARCH({"棚板","棚","アングル","ｱﾝｸﾞﾙ","使用不可","ケーブル","ｹｰﾌﾞﾙ","PatchPnael","パッチ","引き出し","引出","ブランク","ﾌﾞﾗﾝｸ","マネージ","ﾏﾈｰｼﾞ","PDU","ONU"},$F46&"")))>0)),"／重量が未記入","")&IF(AND(K46<>"",NOT(ISNUMBER(K46))),"／電圧が数値でない","")&IF(AND(N46<>"",NOT(ISNUMBER(N46))),"／電流が数値でない","")&IF(AND(C46<>"",C46<1),"／開始Uが1未満","")&IF(AND(E46<>"",E46>IFERROR(VLOOKUP(A46,ラック定義!$A:$B,2,FALSE),47)),"／総Uをはみ出す","")&IF(AND(A46<>"",COUNTIF(ラック定義!$A:$A,A46)=0),"／ラックが定義にない","")&IF(AND(SUMPRODUCT((機器台帳!$A$2:$A$400=$A46)*((機器台帳!$B$2:$B$400=$B46)+(機器台帳!$B$2:$B$400="両面")+($B46="両面")>0)*(機器台帳!$C$2:$C$400<=$C46+$D46-1)*(機器台帳!$C$2:$C$400+機器台帳!$D$2:$D$400-1>=$C46)*(機器台帳!$F$2:$F$400<>""))-1>0,NOT(SUMPRODUCT(--ISNUMBER(SEARCH({"棚板","棚","アングル","ｱﾝｸﾞﾙ","使用不可","ケーブル","ｹｰﾌﾞﾙ","PatchPnael","パッチ","引き出し","引出","ブランク","ﾌﾞﾗﾝｸ","マネージ","ﾏﾈｰｼﾞ","PDU","ONU"},$F46&"")))>0)),"／同じUに他の機器(横並びなら正常)","")&IF(AND(M46<>"",COUNTIFS(回路定義!$A:$A,A46,回路定義!$B:$B,M46)=0),"／回路1が定義にない","")&IF(AND(P46<>"",COUNTIFS(回路定義!$A:$A,A46,回路定義!$B:$B,P46)=0),"／回路2が定義にない","")&IF(AND(S46<>"",COUNTIFS(回路定義!$A:$A,A46,回路定義!$B:$B,S46)=0),"／回路3が定義にない",""),2,300)))
A47: E24-S8-3 | B47: 両面 | C47: 40 | D47: 1 | E47: =IF(C47="","",C47+D47-1) | F47: 棚板 | H47: Meraki | I47: Switch | J47: 1.3 | K47: 100 | L47: 1 | M47: 100V 20A （2） | N47: 0.88 | O47: 1 | V47: 棚 | W47: １本 | X47: ※移設元ラックに機器無し | Y47: =COUNT(N47,Q47,T47) | Z47: =IF(OR(K47="",NOT(ISNUMBER(K47))),"",K47*SUM(N47,Q47,T47)) | AA47: =IF(OR(Y47=0,N47=""),"",N47/Y47) | AB47: =IF(OR(Y47=0,Q47=""),"",Q47/Y47) | AC47: =IF(OR(Y47=0,T47=""),"",T47/Y47) | AD47: =IF(F47="","",IF((IF(AND(Y47=0,NOT(SUMPRODUCT(--ISNUMBER(SEARCH({"棚板","棚","アングル","ｱﾝｸﾞﾙ","使用不可","ケーブル","ｹｰﾌﾞﾙ","PatchPnael","パッチ","引き出し","引出","ブランク","ﾌﾞﾗﾝｸ","マネージ","ﾏﾈｰｼﾞ","PDU","ONU"},$F47&"")))>0),NOT(SUMPRODUCT(--ISNUMBER(SEARCH({"電源オフ","未投入","停止","未使用","撤去"},$X47&"")))>0)),"／電力が未記入","")&IF(AND(NOT(ISNUMBER(J47)),NOT(SUMPRODUCT(--ISNUMBER(SEARCH({"棚板","棚","アングル","ｱﾝｸﾞﾙ","使用不可","ケーブル","ｹｰﾌﾞﾙ","PatchPnael","パッチ","引き出し","引出","ブランク","ﾌﾞﾗﾝｸ","マネージ","ﾏﾈｰｼﾞ","PDU","ONU"},$F47&"")))>0)),"／重量が未記入","")&IF(AND(K47<>"",NOT(ISNUMBER(K47))),"／電圧が数値でない","")&IF(AND(N47<>"",NOT(ISNUMBER(N47))),"／電流が数値でない","")&IF(AND(C47<>"",C47<1),"／開始Uが1未満","")&IF(AND(E47<>"",E47>IFERROR(VLOOKUP(A47,ラック定義!$A:$B,2,FALSE),47)),"／総Uをはみ出す","")&IF(AND(A47<>"",COUNTIF(ラック定義!$A:$A,A47)=0),"／ラックが定義にない","")&IF(AND(SUMPRODUCT((機器台帳!$A$2:$A$400=$A47)*((機器台帳!$B$2:$B$400=$B47)+(機器台帳!$B$2:$B$400="両面")+($B47="両面")>0)*(機器台帳!$C$2:$C$400<=$C47+$D47-1)*(機器台帳!$C$2:$C$400+機器台帳!$D$2:$D$400-1>=$C47)*(機器台帳!$F$2:$F$400<>""))-1>0,NOT(SUMPRODUCT(--ISNUMBER(SEARCH({"棚板","棚","アングル","ｱﾝｸﾞﾙ","使用不可","ケーブル","ｹｰﾌﾞﾙ","PatchPnael","パッチ","引き出し","引出","ブランク","ﾌﾞﾗﾝｸ","マネージ","ﾏﾈｰｼﾞ","PDU","ONU"},$F47&"")))>0)),"／同じUに他の機器(横並びなら正常)","")&IF(AND(M47<>"",COUNTIFS(回路定義!$A:$A,A47,回路定義!$B:$B,M47)=0),"／回路1が定義にない","")&IF(AND(P47<>"",COUNTIFS(回路定義!$A:$A,A47,回路定義!$B:$B,P47)=0),"／回路2が定義にない","")&IF(AND(S47<>"",COUNTIFS(回路定義!$A:$A,A47,回路定義!$B:$B,S47)=0),"／回路3が定義にない",""))="","",MID(IF(AND(Y47=0,NOT(SUMPRODUCT(--ISNUMBER(SEARCH({"棚板","棚","アングル","ｱﾝｸﾞﾙ","使用不可","ケーブル","ｹｰﾌﾞﾙ","PatchPnael","パッチ","引き出し","引出","ブランク","ﾌﾞﾗﾝｸ","マネージ","ﾏﾈｰｼﾞ","PDU","ONU"},$F47&"")))>0),NOT(SUMPRODUCT(--ISNUMBER(SEARCH({"電源オフ","未投入","停止","未使用","撤去"},$X47&"")))>0)),"／電力が未記入","")&IF(AND(NOT(ISNUMBER(J47)),NOT(SUMPRODUCT(--ISNUMBER(SEARCH({"棚板","棚","アングル","ｱﾝｸﾞﾙ","使用不可","ケーブル","ｹｰﾌﾞﾙ","PatchPnael","パッチ","引き出し","引出","ブランク","ﾌﾞﾗﾝｸ","マネージ","ﾏﾈｰｼﾞ","PDU","ONU"},$F47&"")))>0)),"／重量が未記入","")&IF(AND(K47<>"",NOT(ISNUMBER(K47))),"／電圧が数値でない","")&IF(AND(N47<>"",NOT(ISNUMBER(N47))),"／電流が数値でない","")&IF(AND(C47<>"",C47<1),"／開始Uが1未満","")&IF(AND(E47<>"",E47>IFERROR(VLOOKUP(A47,ラック定義!$A:$B,2,FALSE),47)),"／総Uをはみ出す","")&IF(AND(A47<>"",COUNTIF(ラック定義!$A:$A,A47)=0),"／ラックが定義にない","")&IF(AND(SUMPRODUCT((機器台帳!$A$2:$A$400=$A47)*((機器台帳!$B$2:$B$400=$B47)+(機器台帳!$B$2:$B$400="両面")+($B47="両面")>0)*(機器台帳!$C$2:$C$400<=$C47+$D47-1)*(機器台帳!$C$2:$C$400+機器台帳!$D$2:$D$400-1>=$C47)*(機器台帳!$F$2:$F$400<>""))-1>0,NOT(SUMPRODUCT(--ISNUMBER(SEARCH({"棚板","棚","アングル","ｱﾝｸﾞﾙ","使用不可","ケーブル","ｹｰﾌﾞﾙ","PatchPnael","パッチ","引き出し","引出","ブランク","ﾌﾞﾗﾝｸ","マネージ","ﾏﾈｰｼﾞ","PDU","ONU"},$F47&"")))>0)),"／同じUに他の機器(横並びなら正常)","")&IF(AND(M47<>"",COUNTIFS(回路定義!$A:$A,A47,回路定義!$B:$B,M47)=0),"／回路1が定義にない","")&IF(AND(P47<>"",COUNTIFS(回路定義!$A:$A,A47,回路定義!$B:$B,P47)=0),"／回路2が定義にない","")&IF(AND(S47<>"",COUNTIFS(回路定義!$A:$A,A47,回路定義!$B:$B,S47)=0),"／回路3が定義にない",""),2,300)))
A48: E24-S8-3 | B48: 両面 | C48: 37 | D48: 1 | E48: =IF(C48="","",C48+D48-1) | F48: 棚板 | H48: Meraki | I48: Switch | J48: 1.3 | K48: 100 | L48: 1 | M48: 100V 20A （2） | N48: 0.88 | O48: 1 | V48: 棚 | W48: １本 | X48: ※移設元ラックに機器無し | Y48: =COUNT(N48,Q48,T48) | Z48: =IF(OR(K48="",NOT(ISNUMBER(K48))),"",K48*SUM(N48,Q48,T48)) | AA48: =IF(OR(Y48=0,N48=""),"",N48/Y48) | AB48: =IF(OR(Y48=0,Q48=""),"",Q48/Y48) | AC48: =IF(OR(Y48=0,T48=""),"",T48/Y48) | AD48: =IF(F48="","",IF((IF(AND(Y48=0,NOT(SUMPRODUCT(--ISNUMBER(SEARCH({"棚板","棚","アングル","ｱﾝｸﾞﾙ","使用不可","ケーブル","ｹｰﾌﾞﾙ","PatchPnael","パッチ","引き出し","引出","ブランク","ﾌﾞﾗﾝｸ","マネージ","ﾏﾈｰｼﾞ","PDU","ONU"},$F48&"")))>0),NOT(SUMPRODUCT(--ISNUMBER(SEARCH({"電源オフ","未投入","停止","未使用","撤去"},$X48&"")))>0)),"／電力が未記入","")&IF(AND(NOT(ISNUMBER(J48)),NOT(SUMPRODUCT(--ISNUMBER(SEARCH({"棚板","棚","アングル","ｱﾝｸﾞﾙ","使用不可","ケーブル","ｹｰﾌﾞﾙ","PatchPnael","パッチ","引き出し","引出","ブランク","ﾌﾞﾗﾝｸ","マネージ","ﾏﾈｰｼﾞ","PDU","ONU"},$F48&"")))>0)),"／重量が未記入","")&IF(AND(K48<>"",NOT(ISNUMBER(K48))),"／電圧が数値でない","")&IF(AND(N48<>"",NOT(ISNUMBER(N48))),"／電流が数値でない","")&IF(AND(C48<>"",C48<1),"／開始Uが1未満","")&IF(AND(E48<>"",E48>IFERROR(VLOOKUP(A48,ラック定義!$A:$B,2,FALSE),47)),"／総Uをはみ出す","")&IF(AND(A48<>"",COUNTIF(ラック定義!$A:$A,A48)=0),"／ラックが定義にない","")&IF(AND(SUMPRODUCT((機器台帳!$A$2:$A$400=$A48)*((機器台帳!$B$2:$B$400=$B48)+(機器台帳!$B$2:$B$400="両面")+($B48="両面")>0)*(機器台帳!$C$2:$C$400<=$C48+$D48-1)*(機器台帳!$C$2:$C$400+機器台帳!$D$2:$D$400-1>=$C48)*(機器台帳!$F$2:$F$400<>""))-1>0,NOT(SUMPRODUCT(--ISNUMBER(SEARCH({"棚板","棚","アングル","ｱﾝｸﾞﾙ","使用不可","ケーブル","ｹｰﾌﾞﾙ","PatchPnael","パッチ","引き出し","引出","ブランク","ﾌﾞﾗﾝｸ","マネージ","ﾏﾈｰｼﾞ","PDU","ONU"},$F48&"")))>0)),"／同じUに他の機器(横並びなら正常)","")&IF(AND(M48<>"",COUNTIFS(回路定義!$A:$A,A48,回路定義!$B:$B,M48)=0),"／回路1が定義にない","")&IF(AND(P48<>"",COUNTIFS(回路定義!$A:$A,A48,回路定義!$B:$B,P48)=0),"／回路2が定義にない","")&IF(AND(S48<>"",COUNTIFS(回路定義!$A:$A,A48,回路定義!$B:$B,S48)=0),"／回路3が定義にない",""))="","",MID(IF(AND(Y48=0,NOT(SUMPRODUCT(--ISNUMBER(SEARCH({"棚板","棚","アングル","ｱﾝｸﾞﾙ","使用不可","ケーブル","ｹｰﾌﾞﾙ","PatchPnael","パッチ","引き出し","引出","ブランク","ﾌﾞﾗﾝｸ","マネージ","ﾏﾈｰｼﾞ","PDU","ONU"},$F48&"")))>0),NOT(SUMPRODUCT(--ISNUMBER(SEARCH({"電源オフ","未投入","停止","未使用","撤去"},$X48&"")))>0)),"／電力が未記入","")&IF(AND(NOT(ISNUMBER(J48)),NOT(SUMPRODUCT(--ISNUMBER(SEARCH({"棚板","棚","アングル","ｱﾝｸﾞﾙ","使用不可","ケーブル","ｹｰﾌﾞﾙ","PatchPnael","パッチ","引き出し","引出","ブランク","ﾌﾞﾗﾝｸ","マネージ","ﾏﾈｰｼﾞ","PDU","ONU"},$F48&"")))>0)),"／重量が未記入","")&IF(AND(K48<>"",NOT(ISNUMBER(K48))),"／電圧が数値でない","")&IF(AND(N48<>"",NOT(ISNUMBER(N48))),"／電流が数値でない","")&IF(AND(C48<>"",C48<1),"／開始Uが1未満","")&IF(AND(E48<>"",E48>IFERROR(VLOOKUP(A48,ラック定義!$A:$B,2,FALSE),47)),"／総Uをはみ出す","")&IF(AND(A48<>"",COUNTIF(ラック定義!$A:$A,A48)=0),"／ラックが定義にない","")&IF(AND(SUMPRODUCT((機器台帳!$A$2:$A$400=$A48)*((機器台帳!$B$2:$B$400=$B48)+(機器台帳!$B$2:$B$400="両面")+($B48="両面")>0)*(機器台帳!$C$2:$C$400<=$C48+$D48-1)*(機器台帳!$C$2:$C$400+機器台帳!$D$2:$D$400-1>=$C48)*(機器台帳!$F$2:$F$400<>""))-1>0,NOT(SUMPRODUCT(--ISNUMBER(SEARCH({"棚板","棚","アングル","ｱﾝｸﾞﾙ","使用不可","ケーブル","ｹｰﾌﾞﾙ","PatchPnael","パッチ","引き出し","引出","ブランク","ﾌﾞﾗﾝｸ","マネージ","ﾏﾈｰｼﾞ","PDU","ONU"},$F48&"")))>0)),"／同じUに他の機器(横並びなら正常)","")&IF(AND(M48<>"",COUNTIFS(回路定義!$A:$A,A48,回路定義!$B:$B,M48)=0),"／回路1が定義にない","")&IF(AND(P48<>"",COUNTIFS(回路定義!$A:$A,A48,回路定義!$B:$B,P48)=0),"／回路2が定義にない","")&IF(AND(S48<>"",COUNTIFS(回路定義!$A:$A,A48,回路定義!$B:$B,S48)=0),"／回路3が定義にない",""),2,300)))
A49: E24-S8-3 | B49: 両面 | C49: 34 | D49: 2 | E49: =IF(C49="","",C49+D49-1) | F49: HuaweiCE8860 | G49: H1703068 | H49: VMWare | I49: Server | J49: 10 | K49: 100 | L49: 1 | M49: 100V 20A （1） | N49: 1 | O49: 1 | P49: 100V 20A （2） | Q49: 1 | R49: 1 | V49: 〇 | W49: １本 | X49: 2022/5 取り外し | Y49: =COUNT(N49,Q49,T49) | Z49: =IF(OR(K49="",NOT(ISNUMBER(K49))),"",K49*SUM(N49,Q49,T49)) | AA49: =IF(OR(Y49=0,N49=""),"",N49/Y49) | AB49: =IF(OR(Y49=0,Q49=""),"",Q49/Y49) | AC49: =IF(OR(Y49=0,T49=""),"",T49/Y49) | AD49: =IF(F49="","",IF((IF(AND(Y49=0,NOT(SUMPRODUCT(--ISNUMBER(SEARCH({"棚板","棚","アングル","ｱﾝｸﾞﾙ","使用不可","ケーブル","ｹｰﾌﾞﾙ","PatchPnael","パッチ","引き出し","引出","ブランク","ﾌﾞﾗﾝｸ","マネージ","ﾏﾈｰｼﾞ","PDU","ONU"},$F49&"")))>0),NOT(SUMPRODUCT(--ISNUMBER(SEARCH({"電源オフ","未投入","停止","未使用","撤去"},$X49&"")))>0)),"／電力が未記入","")&IF(AND(NOT(ISNUMBER(J49)),NOT(SUMPRODUCT(--ISNUMBER(SEARCH({"棚板","棚","アングル","ｱﾝｸﾞﾙ","使用不可","ケーブル","ｹｰﾌﾞﾙ","PatchPnael","パッチ","引き出し","引出","ブランク","ﾌﾞﾗﾝｸ","マネージ","ﾏﾈｰｼﾞ","PDU","ONU"},$F49&"")))>0)),"／重量が未記入","")&IF(AND(K49<>"",NOT(ISNUMBER(K49))),"／電圧が数値でない","")&IF(AND(N49<>"",NOT(ISNUMBER(N49))),"／電流が数値でない","")&IF(AND(C49<>"",C49<1),"／開始Uが1未満","")&IF(AND(E49<>"",E49>IFERROR(VLOOKUP(A49,ラック定義!$A:$B,2,FALSE),47)),"／総Uをはみ出す","")&IF(AND(A49<>"",COUNTIF(ラック定義!$A:$A,A49)=0),"／ラックが定義にない","")&IF(AND(SUMPRODUCT((機器台帳!$A$2:$A$400=$A49)*((機器台帳!$B$2:$B$400=$B49)+(機器台帳!$B$2:$B$400="両面")+($B49="両面")>0)*(機器台帳!$C$2:$C$400<=$C49+$D49-1)*(機器台帳!$C$2:$C$400+機器台帳!$D$2:$D$400-1>=$C49)*(機器台帳!$F$2:$F$400<>""))-1>0,NOT(SUMPRODUCT(--ISNUMBER(SEARCH({"棚板","棚","アングル","ｱﾝｸﾞﾙ","使用不可","ケーブル","ｹｰﾌﾞﾙ","PatchPnael","パッチ","引き出し","引出","ブランク","ﾌﾞﾗﾝｸ","マネージ","ﾏﾈｰｼﾞ","PDU","ONU"},$F49&"")))>0)),"／同じUに他の機器(横並びなら正常)","")&IF(AND(M49<>"",COUNTIFS(回路定義!$A:$A,A49,回路定義!$B:$B,M49)=0),"／回路1が定義にない","")&IF(AND(P49<>"",COUNTIFS(回路定義!$A:$A,A49,回路定義!$B:$B,P49)=0),"／回路2が定義にない","")&IF(AND(S49<>"",COUNTIFS(回路定義!$A:$A,A49,回路定義!$B:$B,S49)=0),"／回路3が定義にない",""))="","",MID(IF(AND(Y49=0,NOT(SUMPRODUCT(--ISNUMBER(SEARCH({"棚板","棚","アングル","ｱﾝｸﾞﾙ","使用不可","ケーブル","ｹｰﾌﾞﾙ","PatchPnael","パッチ","引き出し","引出","ブランク","ﾌﾞﾗﾝｸ","マネージ","ﾏﾈｰｼﾞ","PDU","ONU"},$F49&"")))>0),NOT(SUMPRODUCT(--ISNUMBER(SEARCH({"電源オフ","未投入","停止","未使用","撤去"},$X49&"")))>0)),"／電力が未記入","")&IF(AND(NOT(ISNUMBER(J49)),NOT(SUMPRODUCT(--ISNUMBER(SEARCH({"棚板","棚","アングル","ｱﾝｸﾞﾙ","使用不可","ケーブル","ｹｰﾌﾞﾙ","PatchPnael","パッチ","引き出し","引出","ブランク","ﾌﾞﾗﾝｸ","マネージ","ﾏﾈｰｼﾞ","PDU","ONU"},$F49&"")))>0)),"／重量が未記入","")&IF(AND(K49<>"",NOT(ISNUMBER(K49))),"／電圧が数値でない","")&IF(AND(N49<>"",NOT(ISNUMBER(N49))),"／電流が数値でない","")&IF(AND(C49<>"",C49<1),"／開始Uが1未満","")&IF(AND(E49<>"",E49>IFERROR(VLOOKUP(A49,ラック定義!$A:$B,2,FALSE),47)),"／総Uをはみ出す","")&IF(AND(A49<>"",COUNTIF(ラック定義!$A:$A,A49)=0),"／ラックが定義にない","")&IF(AND(SUMPRODUCT((機器台帳!$A$2:$A$400=$A49)*((機器台帳!$B$2:$B$400=$B49)+(機器台帳!$B$2:$B$400="両面")+($B49="両面")>0)*(機器台帳!$C$2:$C$400<=$C49+$D49-1)*(機器台帳!$C$2:$C$400+機器台帳!$D$2:$D$400-1>=$C49)*(機器台帳!$F$2:$F$400<>""))-1>0,NOT(SUMPRODUCT(--ISNUMBER(SEARCH({"棚板","棚","アングル","ｱﾝｸﾞﾙ","使用不可","ケーブル","ｹｰﾌﾞﾙ","PatchPnael","パッチ","引き出し","引出","ブランク","ﾌﾞﾗﾝｸ","マネージ","ﾏﾈｰｼﾞ","PDU","ONU"},$F49&"")))>0)),"／同じUに他の機器(横並びなら正常)","")&IF(AND(M49<>"",COUNTIFS(回路定義!$A:$A,A49,回路定義!$B:$B,M49)=0),"／回路1が定義にない","")&IF(AND(P49<>"",COUNTIFS(回路定義!$A:$A,A49,回路定義!$B:$B,P49)=0),"／回路2が定義にない","")&IF(AND(S49<>"",COUNTIFS(回路定義!$A:$A,A49,回路定義!$B:$B,S49)=0),"／回路3が定義にない",""),2,300)))
A50: E24-S8-3 | B50: 両面 | C50: 33 | D50: 1 | E50: =IF(C50="","",C50+D50-1) | F50: Cisco Catalyst2960S | G50: H1010126 | H50: VMWare | I50: SDWAN | J50: 1.3 | K50: 100 | L50: 1 | M50: 100V 20A （1） | N50: 0.26 | O50: 1 | V50: 棚 | W50: １本 | X50: 2022/3 追加 | Y50: =COUNT(N50,Q50,T50) | Z50: =IF(OR(K50="",NOT(ISNUMBER(K50))),"",K50*SUM(N50,Q50,T50)) | AA50: =IF(OR(Y50=0,N50=""),"",N50/Y50) | AB50: =IF(OR(Y50=0,Q50=""),"",Q50/Y50) | AC50: =IF(OR(Y50=0,T50=""),"",T50/Y50) | AD50: =IF(F50="","",IF((IF(AND(Y50=0,NOT(SUMPRODUCT(--ISNUMBER(SEARCH({"棚板","棚","アングル","ｱﾝｸﾞﾙ","使用不可","ケーブル","ｹｰﾌﾞﾙ","PatchPnael","パッチ","引き出し","引出","ブランク","ﾌﾞﾗﾝｸ","マネージ","ﾏﾈｰｼﾞ","PDU","ONU"},$F50&"")))>0),NOT(SUMPRODUCT(--ISNUMBER(SEARCH({"電源オフ","未投入","停止","未使用","撤去"},$X50&"")))>0)),"／電力が未記入","")&IF(AND(NOT(ISNUMBER(J50)),NOT(SUMPRODUCT(--ISNUMBER(SEARCH({"棚板","棚","アングル","ｱﾝｸﾞﾙ","使用不可","ケーブル","ｹｰﾌﾞﾙ","PatchPnael","パッチ","引き出し","引出","ブランク","ﾌﾞﾗﾝｸ","マネージ","ﾏﾈｰｼﾞ","PDU","ONU"},$F50&"")))>0)),"／重量が未記入","")&IF(AND(K50<>"",NOT(ISNUMBER(K50))),"／電圧が数値でない","")&IF(AND(N50<>"",NOT(ISNUMBER(N50))),"／電流が数値でない","")&IF(AND(C50<>"",C50<1),"／開始Uが1未満","")&IF(AND(E50<>"",E50>IFERROR(VLOOKUP(A50,ラック定義!$A:$B,2,FALSE),47)),"／総Uをはみ出す","")&IF(AND(A50<>"",COUNTIF(ラック定義!$A:$A,A50)=0),"／ラックが定義にない","")&IF(AND(SUMPRODUCT((機器台帳!$A$2:$A$400=$A50)*((機器台帳!$B$2:$B$400=$B50)+(機器台帳!$B$2:$B$400="両面")+($B50="両面")>0)*(機器台帳!$C$2:$C$400<=$C50+$D50-1)*(機器台帳!$C$2:$C$400+機器台帳!$D$2:$D$400-1>=$C50)*(機器台帳!$F$2:$F$400<>""))-1>0,NOT(SUMPRODUCT(--ISNUMBER(SEARCH({"棚板","棚","アングル","ｱﾝｸﾞﾙ","使用不可","ケーブル","ｹｰﾌﾞﾙ","PatchPnael","パッチ","引き出し","引出","ブランク","ﾌﾞﾗﾝｸ","マネージ","ﾏﾈｰｼﾞ","PDU","ONU"},$F50&"")))>0)),"／同じUに他の機器(横並びなら正常)","")&IF(AND(M50<>"",COUNTIFS(回路定義!$A:$A,A50,回路定義!$B:$B,M50)=0),"／回路1が定義にない","")&IF(AND(P50<>"",COUNTIFS(回路定義!$A:$A,A50,回路定義!$B:$B,P50)=0),"／回路2が定義にない","")&IF(AND(S50<>"",COUNTIFS(回路定義!$A:$A,A50,回路定義!$B:$B,S50)=0),"／回路3が定義にない",""))="","",MID(IF(AND(Y50=0,NOT(SUMPRODUCT(--ISNUMBER(SEARCH({"棚板","棚","アングル","ｱﾝｸﾞﾙ","使用不可","ケーブル","ｹｰﾌﾞﾙ","PatchPnael","パッチ","引き出し","引出","ブランク","ﾌﾞﾗﾝｸ","マネージ","ﾏﾈｰｼﾞ","PDU","ONU"},$F50&"")))>0),NOT(SUMPRODUCT(--ISNUMBER(SEARCH({"電源オフ","未投入","停止","未使用","撤去"},$X50&"")))>0)),"／電力が未記入","")&IF(AND(NOT(ISNUMBER(J50)),NOT(SUMPRODUCT(--ISNUMBER(SEARCH({"棚板","棚","アングル","ｱﾝｸﾞﾙ","使用不可","ケーブル","ｹｰﾌﾞﾙ","PatchPnael","パッチ","引き出し","引出","ブランク","ﾌﾞﾗﾝｸ","マネージ","ﾏﾈｰｼﾞ","PDU","ONU"},$F50&"")))>0)),"／重量が未記入","")&IF(AND(K50<>"",NOT(ISNUMBER(K50))),"／電圧が数値でない","")&IF(AND(N50<>"",NOT(ISNUMBER(N50))),"／電流が数値でない","")&IF(AND(C50<>"",C50<1),"／開始Uが1未満","")&IF(AND(E50<>"",E50>IFERROR(VLOOKUP(A50,ラック定義!$A:$B,2,FALSE),47)),"／総Uをはみ出す","")&IF(AND(A50<>"",COUNTIF(ラック定義!$A:$A,A50)=0),"／ラックが定義にない","")&IF(AND(SUMPRODUCT((機器台帳!$A$2:$A$400=$A50)*((機器台帳!$B$2:$B$400=$B50)+(機器台帳!$B$2:$B$400="両面")+($B50="両面")>0)*(機器台帳!$C$2:$C$400<=$C50+$D50-1)*(機器台帳!$C$2:$C$400+機器台帳!$D$2:$D$400-1>=$C50)*(機器台帳!$F$2:$F$400<>""))-1>0,NOT(SUMPRODUCT(--ISNUMBER(SEARCH({"棚板","棚","アングル","ｱﾝｸﾞﾙ","使用不可","ケーブル","ｹｰﾌﾞﾙ","PatchPnael","パッチ","引き出し","引出","ブランク","ﾌﾞﾗﾝｸ","マネージ","ﾏﾈｰｼﾞ","PDU","ONU"},$F50&"")))>0)),"／同じUに他の機器(横並びなら正常)","")&IF(AND(M50<>"",COUNTIFS(回路定義!$A:$A,A50,回路定義!$B:$B,M50)=0),"／回路1が定義にない","")&IF(AND(P50<>"",COUNTIFS(回路定義!$A:$A,A50,回路定義!$B:$B,P50)=0),"／回路2が定義にない","")&IF(AND(S50<>"",COUNTIFS(回路定義!$A:$A,A50,回路定義!$B:$B,S50)=0),"／回路3が定義にない",""),2,300)))
A51: E24-S8-3 | B51: 両面 | C51: 32 | D51: 1 | E51: =IF(C51="","",C51+D51-1) | F51: ⑩Edge610 | G51: H2115654 | H51: VMWare | I51: SDWAN | J51: 1.3 | K51: 100 | L51: 1 | M51: 100V 20A （1） | N51: 0.3 | O51: 1 | V51: 棚 | W51: １本 | X51: 2022/3 追加 | Y51: =COUNT(N51,Q51,T51) | Z51: =IF(OR(K51="",NOT(ISNUMBER(K51))),"",K51*SUM(N51,Q51,T51)) | AA51: =IF(OR(Y51=0,N51=""),"",N51/Y51) | AB51: =IF(OR(Y51=0,Q51=""),"",Q51/Y51) | AC51: =IF(OR(Y51=0,T51=""),"",T51/Y51) | AD51: =IF(F51="","",IF((IF(AND(Y51=0,NOT(SUMPRODUCT(--ISNUMBER(SEARCH({"棚板","棚","アングル","ｱﾝｸﾞﾙ","使用不可","ケーブル","ｹｰﾌﾞﾙ","PatchPnael","パッチ","引き出し","引出","ブランク","ﾌﾞﾗﾝｸ","マネージ","ﾏﾈｰｼﾞ","PDU","ONU"},$F51&"")))>0),NOT(SUMPRODUCT(--ISNUMBER(SEARCH({"電源オフ","未投入","停止","未使用","撤去"},$X51&"")))>0)),"／電力が未記入","")&IF(AND(NOT(ISNUMBER(J51)),NOT(SUMPRODUCT(--ISNUMBER(SEARCH({"棚板","棚","アングル","ｱﾝｸﾞﾙ","使用不可","ケーブル","ｹｰﾌﾞﾙ","PatchPnael","パッチ","引き出し","引出","ブランク","ﾌﾞﾗﾝｸ","マネージ","ﾏﾈｰｼﾞ","PDU","ONU"},$F51&"")))>0)),"／重量が未記入","")&IF(AND(K51<>"",NOT(ISNUMBER(K51))),"／電圧が数値でない","")&IF(AND(N51<>"",NOT(ISNUMBER(N51))),"／電流が数値でない","")&IF(AND(C51<>"",C51<1),"／開始Uが1未満","")&IF(AND(E51<>"",E51>IFERROR(VLOOKUP(A51,ラック定義!$A:$B,2,FALSE),47)),"／総Uをはみ出す","")&IF(AND(A51<>"",COUNTIF(ラック定義!$A:$A,A51)=0),"／ラックが定義にない","")&IF(AND(SUMPRODUCT((機器台帳!$A$2:$A$400=$A51)*((機器台帳!$B$2:$B$400=$B51)+(機器台帳!$B$2:$B$400="両面")+($B51="両面")>0)*(機器台帳!$C$2:$C$400<=$C51+$D51-1)*(機器台帳!$C$2:$C$400+機器台帳!$D$2:$D$400-1>=$C51)*(機器台帳!$F$2:$F$400<>""))-1>0,NOT(SUMPRODUCT(--ISNUMBER(SEARCH({"棚板","棚","アングル","ｱﾝｸﾞﾙ","使用不可","ケーブル","ｹｰﾌﾞﾙ","PatchPnael","パッチ","引き出し","引出","ブランク","ﾌﾞﾗﾝｸ","マネージ","ﾏﾈｰｼﾞ","PDU","ONU"},$F51&"")))>0)),"／同じUに他の機器(横並びなら正常)","")&IF(AND(M51<>"",COUNTIFS(回路定義!$A:$A,A51,回路定義!$B:$B,M51)=0),"／回路1が定義にない","")&IF(AND(P51<>"",COUNTIFS(回路定義!$A:$A,A51,回路定義!$B:$B,P51)=0),"／回路2が定義にない","")&IF(AND(S51<>"",COUNTIFS(回路定義!$A:$A,A51,回路定義!$B:$B,S51)=0),"／回路3が定義にない",""))="","",MID(IF(AND(Y51=0,NOT(SUMPRODUCT(--ISNUMBER(SEARCH({"棚板","棚","アングル","ｱﾝｸﾞﾙ","使用不可","ケーブル","ｹｰﾌﾞﾙ","PatchPnael","パッチ","引き出し","引出","ブランク","ﾌﾞﾗﾝｸ","マネージ","ﾏﾈｰｼﾞ","PDU","ONU"},$F51&"")))>0),NOT(SUMPRODUCT(--ISNUMBER(SEARCH({"電源オフ","未投入","停止","未使用","撤去"},$X51&"")))>0)),"／電力が未記入","")&IF(AND(NOT(ISNUMBER(J51)),NOT(SUMPRODUCT(--ISNUMBER(SEARCH({"棚板","棚","アングル","ｱﾝｸﾞﾙ","使用不可","ケーブル","ｹｰﾌﾞﾙ","PatchPnael","パッチ","引き出し","引出","ブランク","ﾌﾞﾗﾝｸ","マネージ","ﾏﾈｰｼﾞ","PDU","ONU"},$F51&"")))>0)),"／重量が未記入","")&IF(AND(K51<>"",NOT(ISNUMBER(K51))),"／電圧が数値でない","")&IF(AND(N51<>"",NOT(ISNUMBER(N51))),"／電流が数値でない","")&IF(AND(C51<>"",C51<1),"／開始Uが1未満","")&IF(AND(E51<>"",E51>IFERROR(VLOOKUP(A51,ラック定義!$A:$B,2,FALSE),47)),"／総Uをはみ出す","")&IF(AND(A51<>"",COUNTIF(ラック定義!$A:$A,A51)=0),"／ラックが定義にない","")&IF(AND(SUMPRODUCT((機器台帳!$A$2:$A$400=$A51)*((機器台帳!$B$2:$B$400=$B51)+(機器台帳!$B$2:$B$400="両面")+($B51="両面")>0)*(機器台帳!$C$2:$C$400<=$C51+$D51-1)*(機器台帳!$C$2:$C$400+機器台帳!$D$2:$D$400-1>=$C51)*(機器台帳!$F$2:$F$400<>""))-1>0,NOT(SUMPRODUCT(--ISNUMBER(SEARCH({"棚板","棚","アングル","ｱﾝｸﾞﾙ","使用不可","ケーブル","ｹｰﾌﾞﾙ","PatchPnael","パッチ","引き出し","引出","ブランク","ﾌﾞﾗﾝｸ","マネージ","ﾏﾈｰｼﾞ","PDU","ONU"},$F51&"")))>0)),"／同じUに他の機器(横並びなら正常)","")&IF(AND(M51<>"",COUNTIFS(回路定義!$A:$A,A51,回路定義!$B:$B,M51)=0),"／回路1が定義にない","")&IF(AND(P51<>"",COUNTIFS(回路定義!$A:$A,A51,回路定義!$B:$B,P51)=0),"／回路2が定義にない","")&IF(AND(S51<>"",COUNTIFS(回路定義!$A:$A,A51,回路定義!$B:$B,S51)=0),"／回路3が定義にない",""),2,300)))
A52: E24-S8-3 | B52: 両面 | C52: 32 | D52: 1 | E52: =IF(C52="","",C52+D52-1) | F52: ⑬Edge620 | G52: H2115657 | H52: VMWare | I52: SDWAN | V52: 棚 | W52: １本 | X52: 2022/3 追加 | Y52: =COUNT(N52,Q52,T52) | Z52: =IF(OR(K52="",NOT(ISNUMBER(K52))),"",K52*SUM(N52,Q52,T52)) | AA52: =IF(OR(Y52=0,N52=""),"",N52/Y52) | AB52: =IF(OR(Y52=0,Q52=""),"",Q52/Y52) | AC52: =IF(OR(Y52=0,T52=""),"",T52/Y52) | AD52: =IF(F52="","",IF((IF(AND(Y52=0,NOT(SUMPRODUCT(--ISNUMBER(SEARCH({"棚板","棚","アングル","ｱﾝｸﾞﾙ","使用不可","ケーブル","ｹｰﾌﾞﾙ","PatchPnael","パッチ","引き出し","引出","ブランク","ﾌﾞﾗﾝｸ","マネージ","ﾏﾈｰｼﾞ","PDU","ONU"},$F52&"")))>0),NOT(SUMPRODUCT(--ISNUMBER(SEARCH({"電源オフ","未投入","停止","未使用","撤去"},$X52&"")))>0)),"／電力が未記入","")&IF(AND(NOT(ISNUMBER(J52)),NOT(SUMPRODUCT(--ISNUMBER(SEARCH({"棚板","棚","アングル","ｱﾝｸﾞﾙ","使用不可","ケーブル","ｹｰﾌﾞﾙ","PatchPnael","パッチ","引き出し","引出","ブランク","ﾌﾞﾗﾝｸ","マネージ","ﾏﾈｰｼﾞ","PDU","ONU"},$F52&"")))>0)),"／重量が未記入","")&IF(AND(K52<>"",NOT(ISNUMBER(K52))),"／電圧が数値でない","")&IF(AND(N52<>"",NOT(ISNUMBER(N52))),"／電流が数値でない","")&IF(AND(C52<>"",C52<1),"／開始Uが1未満","")&IF(AND(E52<>"",E52>IFERROR(VLOOKUP(A52,ラック定義!$A:$B,2,FALSE),47)),"／総Uをはみ出す","")&IF(AND(A52<>"",COUNTIF(ラック定義!$A:$A,A52)=0),"／ラックが定義にない","")&IF(AND(SUMPRODUCT((機器台帳!$A$2:$A$400=$A52)*((機器台帳!$B$2:$B$400=$B52)+(機器台帳!$B$2:$B$400="両面")+($B52="両面")>0)*(機器台帳!$C$2:$C$400<=$C52+$D52-1)*(機器台帳!$C$2:$C$400+機器台帳!$D$2:$D$400-1>=$C52)*(機器台帳!$F$2:$F$400<>""))-1>0,NOT(SUMPRODUCT(--ISNUMBER(SEARCH({"棚板","棚","アングル","ｱﾝｸﾞﾙ","使用不可","ケーブル","ｹｰﾌﾞﾙ","PatchPnael","パッチ","引き出し","引出","ブランク","ﾌﾞﾗﾝｸ","マネージ","ﾏﾈｰｼﾞ","PDU","ONU"},$F52&"")))>0)),"／同じUに他の機器(横並びなら正常)","")&IF(AND(M52<>"",COUNTIFS(回路定義!$A:$A,A52,回路定義!$B:$B,M52)=0),"／回路1が定義にない","")&IF(AND(P52<>"",COUNTIFS(回路定義!$A:$A,A52,回路定義!$B:$B,P52)=0),"／回路2が定義にない","")&IF(AND(S52<>"",COUNTIFS(回路定義!$A:$A,A52,回路定義!$B:$B,S52)=0),"／回路3が定義にない",""))="","",MID(IF(AND(Y52=0,NOT(SUMPRODUCT(--ISNUMBER(SEARCH({"棚板","棚","アングル","ｱﾝｸﾞﾙ","使用不可","ケーブル","ｹｰﾌﾞﾙ","PatchPnael","パッチ","引き出し","引出","ブランク","ﾌﾞﾗﾝｸ","マネージ","ﾏﾈｰｼﾞ","PDU","ONU"},$F52&"")))>0),NOT(SUMPRODUCT(--ISNUMBER(SEARCH({"電源オフ","未投入","停止","未使用","撤去"},$X52&"")))>0)),"／電力が未記入","")&IF(AND(NOT(ISNUMBER(J52)),NOT(SUMPRODUCT(--ISNUMBER(SEARCH({"棚板","棚","アングル","ｱﾝｸﾞﾙ","使用不可","ケーブル","ｹｰﾌﾞﾙ","PatchPnael","パッチ","引き出し","引出","ブランク","ﾌﾞﾗﾝｸ","マネージ","ﾏﾈｰｼﾞ","PDU","ONU"},$F52&"")))>0)),"／重量が未記入","")&IF(AND(K52<>"",NOT(ISNUMBER(K52))),"／電圧が数値でない","")&IF(AND(N52<>"",NOT(ISNUMBER(N52))),"／電流が数値でない","")&IF(AND(C52<>"",C52<1),"／開始Uが1未満","")&IF(AND(E52<>"",E52>IFERROR(VLOOKUP(A52,ラック定義!$A:$B,2,FALSE),47)),"／総Uをはみ出す","")&IF(AND(A52<>"",COUNTIF(ラック定義!$A:$A,A52)=0),"／ラックが定義にない","")&IF(AND(SUMPRODUCT((機器台帳!$A$2:$A$400=$A52)*((機器台帳!$B$2:$B$400=$B52)+(機器台帳!$B$2:$B$400="両面")+($B52="両面")>0)*(機器台帳!$C$2:$C$400<=$C52+$D52-1)*(機器台帳!$C$2:$C$400+機器台帳!$D$2:$D$400-1>=$C52)*(機器台帳!$F$2:$F$400<>""))-1>0,NOT(SUMPRODUCT(--ISNUMBER(SEARCH({"棚板","棚","アングル","ｱﾝｸﾞﾙ","使用不可","ケーブル","ｹｰﾌﾞﾙ","PatchPnael","パッチ","引き出し","引出","ブランク","ﾌﾞﾗﾝｸ","マネージ","ﾏﾈｰｼﾞ","PDU","ONU"},$F52&"")))>0)),"／同じUに他の機器(横並びなら正常)","")&IF(AND(M52<>"",COUNTIFS(回路定義!$A:$A,A52,回路定義!$B:$B,M52)=0),"／回路1が定義にない","")&IF(AND(P52<>"",COUNTIFS(回路定義!$A:$A,A52,回路定義!$B:$B,P52)=0),"／回路2が定義にない","")&IF(AND(S52<>"",COUNTIFS(回路定義!$A:$A,A52,回路定義!$B:$B,S52)=0),"／回路3が定義にない",""),2,300)))
A53: E24-S8-3 | B53: 両面 | C53: 31 | D53: 1 | E53: =IF(C53="","",C53+D53-1) | F53: ⑪Edge610 | G53: H2115655 | H53: VMWare | I53: SDWAN | J53: 1.3 | K53: 100 | L53: 1 | M53: 100V 20A （2） | N53: 0.3 | O53: 1 | V53: 棚 | W53: １本 | X53: 2022/3 追加 | Y53: =COUNT(N53,Q53,T53) | Z53: =IF(OR(K53="",NOT(ISNUMBER(K53))),"",K53*SUM(N53,Q53,T53)) | AA53: =IF(OR(Y53=0,N53=""),"",N53/Y53) | AB53: =IF(OR(Y53=0,Q53=""),"",Q53/Y53) | AC53: =IF(OR(Y53=0,T53=""),"",T53/Y53) | AD53: =IF(F53="","",IF((IF(AND(Y53=0,NOT(SUMPRODUCT(--ISNUMBER(SEARCH({"棚板","棚","アングル","ｱﾝｸﾞﾙ","使用不可","ケーブル","ｹｰﾌﾞﾙ","PatchPnael","パッチ","引き出し","引出","ブランク","ﾌﾞﾗﾝｸ","マネージ","ﾏﾈｰｼﾞ","PDU","ONU"},$F53&"")))>0),NOT(SUMPRODUCT(--ISNUMBER(SEARCH({"電源オフ","未投入","停止","未使用","撤去"},$X53&"")))>0)),"／電力が未記入","")&IF(AND(NOT(ISNUMBER(J53)),NOT(SUMPRODUCT(--ISNUMBER(SEARCH({"棚板","棚","アングル","ｱﾝｸﾞﾙ","使用不可","ケーブル","ｹｰﾌﾞﾙ","PatchPnael","パッチ","引き出し","引出","ブランク","ﾌﾞﾗﾝｸ","マネージ","ﾏﾈｰｼﾞ","PDU","ONU"},$F53&"")))>0)),"／重量が未記入","")&IF(AND(K53<>"",NOT(ISNUMBER(K53))),"／電圧が数値でない","")&IF(AND(N53<>"",NOT(ISNUMBER(N53))),"／電流が数値でない","")&IF(AND(C53<>"",C53<1),"／開始Uが1未満","")&IF(AND(E53<>"",E53>IFERROR(VLOOKUP(A53,ラック定義!$A:$B,2,FALSE),47)),"／総Uをはみ出す","")&IF(AND(A53<>"",COUNTIF(ラック定義!$A:$A,A53)=0),"／ラックが定義にない","")&IF(AND(SUMPRODUCT((機器台帳!$A$2:$A$400=$A53)*((機器台帳!$B$2:$B$400=$B53)+(機器台帳!$B$2:$B$400="両面")+($B53="両面")>0)*(機器台帳!$C$2:$C$400<=$C53+$D53-1)*(機器台帳!$C$2:$C$400+機器台帳!$D$2:$D$400-1>=$C53)*(機器台帳!$F$2:$F$400<>""))-1>0,NOT(SUMPRODUCT(--ISNUMBER(SEARCH({"棚板","棚","アングル","ｱﾝｸﾞﾙ","使用不可","ケーブル","ｹｰﾌﾞﾙ","PatchPnael","パッチ","引き出し","引出","ブランク","ﾌﾞﾗﾝｸ","マネージ","ﾏﾈｰｼﾞ","PDU","ONU"},$F53&"")))>0)),"／同じUに他の機器(横並びなら正常)","")&IF(AND(M53<>"",COUNTIFS(回路定義!$A:$A,A53,回路定義!$B:$B,M53)=0),"／回路1が定義にない","")&IF(AND(P53<>"",COUNTIFS(回路定義!$A:$A,A53,回路定義!$B:$B,P53)=0),"／回路2が定義にない","")&IF(AND(S53<>"",COUNTIFS(回路定義!$A:$A,A53,回路定義!$B:$B,S53)=0),"／回路3が定義にない",""))="","",MID(IF(AND(Y53=0,NOT(SUMPRODUCT(--ISNUMBER(SEARCH({"棚板","棚","アングル","ｱﾝｸﾞﾙ","使用不可","ケーブル","ｹｰﾌﾞﾙ","PatchPnael","パッチ","引き出し","引出","ブランク","ﾌﾞﾗﾝｸ","マネージ","ﾏﾈｰｼﾞ","PDU","ONU"},$F53&"")))>0),NOT(SUMPRODUCT(--ISNUMBER(SEARCH({"電源オフ","未投入","停止","未使用","撤去"},$X53&"")))>0)),"／電力が未記入","")&IF(AND(NOT(ISNUMBER(J53)),NOT(SUMPRODUCT(--ISNUMBER(SEARCH({"棚板","棚","アングル","ｱﾝｸﾞﾙ","使用不可","ケーブル","ｹｰﾌﾞﾙ","PatchPnael","パッチ","引き出し","引出","ブランク","ﾌﾞﾗﾝｸ","マネージ","ﾏﾈｰｼﾞ","PDU","ONU"},$F53&"")))>0)),"／重量が未記入","")&IF(AND(K53<>"",NOT(ISNUMBER(K53))),"／電圧が数値でない","")&IF(AND(N53<>"",NOT(ISNUMBER(N53))),"／電流が数値でない","")&IF(AND(C53<>"",C53<1),"／開始Uが1未満","")&IF(AND(E53<>"",E53>IFERROR(VLOOKUP(A53,ラック定義!$A:$B,2,FALSE),47)),"／総Uをはみ出す","")&IF(AND(A53<>"",COUNTIF(ラック定義!$A:$A,A53)=0),"／ラックが定義にない","")&IF(AND(SUMPRODUCT((機器台帳!$A$2:$A$400=$A53)*((機器台帳!$B$2:$B$400=$B53)+(機器台帳!$B$2:$B$400="両面")+($B53="両面")>0)*(機器台帳!$C$2:$C$400<=$C53+$D53-1)*(機器台帳!$C$2:$C$400+機器台帳!$D$2:$D$400-1>=$C53)*(機器台帳!$F$2:$F$400<>""))-1>0,NOT(SUMPRODUCT(--ISNUMBER(SEARCH({"棚板","棚","アングル","ｱﾝｸﾞﾙ","使用不可","ケーブル","ｹｰﾌﾞﾙ","PatchPnael","パッチ","引き出し","引出","ブランク","ﾌﾞﾗﾝｸ","マネージ","ﾏﾈｰｼﾞ","PDU","ONU"},$F53&"")))>0)),"／同じUに他の機器(横並びなら正常)","")&IF(AND(M53<>"",COUNTIFS(回路定義!$A:$A,A53,回路定義!$B:$B,M53)=0),"／回路1が定義にない","")&IF(AND(P53<>"",COUNTIFS(回路定義!$A:$A,A53,回路定義!$B:$B,P53)=0),"／回路2が定義にない","")&IF(AND(S53<>"",COUNTIFS(回路定義!$A:$A,A53,回路定義!$B:$B,S53)=0),"／回路3が定義にない",""),2,300)))
A54: E24-S8-3 | B54: 両面 | C54: 30 | D54: 1 | E54: =IF(C54="","",C54+D54-1) | F54: ⑫Edge620 | G54: H2115656 | H54: VMWare | I54: SDWAN | J54: 1.3 | K54: 100 | L54: 1 | M54: 100V 20A （2） | N54: 0.26 | O54: 1 | V54: 棚 | W54: １本 | X54: 2022/12 取り外し | Y54: =COUNT(N54,Q54,T54) | Z54: =IF(OR(K54="",NOT(ISNUMBER(K54))),"",K54*SUM(N54,Q54,T54)) | AA54: =IF(OR(Y54=0,N54=""),"",N54/Y54) | AB54: =IF(OR(Y54=0,Q54=""),"",Q54/Y54) | AC54: =IF(OR(Y54=0,T54=""),"",T54/Y54) | AD54: =IF(F54="","",IF((IF(AND(Y54=0,NOT(SUMPRODUCT(--ISNUMBER(SEARCH({"棚板","棚","アングル","ｱﾝｸﾞﾙ","使用不可","ケーブル","ｹｰﾌﾞﾙ","PatchPnael","パッチ","引き出し","引出","ブランク","ﾌﾞﾗﾝｸ","マネージ","ﾏﾈｰｼﾞ","PDU","ONU"},$F54&"")))>0),NOT(SUMPRODUCT(--ISNUMBER(SEARCH({"電源オフ","未投入","停止","未使用","撤去"},$X54&"")))>0)),"／電力が未記入","")&IF(AND(NOT(ISNUMBER(J54)),NOT(SUMPRODUCT(--ISNUMBER(SEARCH({"棚板","棚","アングル","ｱﾝｸﾞﾙ","使用不可","ケーブル","ｹｰﾌﾞﾙ","PatchPnael","パッチ","引き出し","引出","ブランク","ﾌﾞﾗﾝｸ","マネージ","ﾏﾈｰｼﾞ","PDU","ONU"},$F54&"")))>0)),"／重量が未記入","")&IF(AND(K54<>"",NOT(ISNUMBER(K54))),"／電圧が数値でない","")&IF(AND(N54<>"",NOT(ISNUMBER(N54))),"／電流が数値でない","")&IF(AND(C54<>"",C54<1),"／開始Uが1未満","")&IF(AND(E54<>"",E54>IFERROR(VLOOKUP(A54,ラック定義!$A:$B,2,FALSE),47)),"／総Uをはみ出す","")&IF(AND(A54<>"",COUNTIF(ラック定義!$A:$A,A54)=0),"／ラックが定義にない","")&IF(AND(SUMPRODUCT((機器台帳!$A$2:$A$400=$A54)*((機器台帳!$B$2:$B$400=$B54)+(機器台帳!$B$2:$B$400="両面")+($B54="両面")>0)*(機器台帳!$C$2:$C$400<=$C54+$D54-1)*(機器台帳!$C$2:$C$400+機器台帳!$D$2:$D$400-1>=$C54)*(機器台帳!$F$2:$F$400<>""))-1>0,NOT(SUMPRODUCT(--ISNUMBER(SEARCH({"棚板","棚","アングル","ｱﾝｸﾞﾙ","使用不可","ケーブル","ｹｰﾌﾞﾙ","PatchPnael","パッチ","引き出し","引出","ブランク","ﾌﾞﾗﾝｸ","マネージ","ﾏﾈｰｼﾞ","PDU","ONU"},$F54&"")))>0)),"／同じUに他の機器(横並びなら正常)","")&IF(AND(M54<>"",COUNTIFS(回路定義!$A:$A,A54,回路定義!$B:$B,M54)=0),"／回路1が定義にない","")&IF(AND(P54<>"",COUNTIFS(回路定義!$A:$A,A54,回路定義!$B:$B,P54)=0),"／回路2が定義にない","")&IF(AND(S54<>"",COUNTIFS(回路定義!$A:$A,A54,回路定義!$B:$B,S54)=0),"／回路3が定義にない",""))="","",MID(IF(AND(Y54=0,NOT(SUMPRODUCT(--ISNUMBER(SEARCH({"棚板","棚","アングル","ｱﾝｸﾞﾙ","使用不可","ケーブル","ｹｰﾌﾞﾙ","PatchPnael","パッチ","引き出し","引出","ブランク","ﾌﾞﾗﾝｸ","マネージ","ﾏﾈｰｼﾞ","PDU","ONU"},$F54&"")))>0),NOT(SUMPRODUCT(--ISNUMBER(SEARCH({"電源オフ","未投入","停止","未使用","撤去"},$X54&"")))>0)),"／電力が未記入","")&IF(AND(NOT(ISNUMBER(J54)),NOT(SUMPRODUCT(--ISNUMBER(SEARCH({"棚板","棚","アングル","ｱﾝｸﾞﾙ","使用不可","ケーブル","ｹｰﾌﾞﾙ","PatchPnael","パッチ","引き出し","引出","ブランク","ﾌﾞﾗﾝｸ","マネージ","ﾏﾈｰｼﾞ","PDU","ONU"},$F54&"")))>0)),"／重量が未記入","")&IF(AND(K54<>"",NOT(ISNUMBER(K54))),"／電圧が数値でない","")&IF(AND(N54<>"",NOT(ISNUMBER(N54))),"／電流が数値でない","")&IF(AND(C54<>"",C54<1),"／開始Uが1未満","")&IF(AND(E54<>"",E54>IFERROR(VLOOKUP(A54,ラック定義!$A:$B,2,FALSE),47)),"／総Uをはみ出す","")&IF(AND(A54<>"",COUNTIF(ラック定義!$A:$A,A54)=0),"／ラックが定義にない","")&IF(AND(SUMPRODUCT((機器台帳!$A$2:$A$400=$A54)*((機器台帳!$B$2:$B$400=$B54)+(機器台帳!$B$2:$B$400="両面")+($B54="両面")>0)*(機器台帳!$C$2:$C$400<=$C54+$D54-1)*(機器台帳!$C$2:$C$400+機器台帳!$D$2:$D$400-1>=$C54)*(機器台帳!$F$2:$F$400<>""))-1>0,NOT(SUMPRODUCT(--ISNUMBER(SEARCH({"棚板","棚","アングル","ｱﾝｸﾞﾙ","使用不可","ケーブル","ｹｰﾌﾞﾙ","PatchPnael","パッチ","引き出し","引出","ブランク","ﾌﾞﾗﾝｸ","マネージ","ﾏﾈｰｼﾞ","PDU","ONU"},$F54&"")))>0)),"／同じUに他の機器(横並びなら正常)","")&IF(AND(M54<>"",COUNTIFS(回路定義!$A:$A,A54,回路定義!$B:$B,M54)=0),"／回路1が定義にない","")&IF(AND(P54<>"",COUNTIFS(回路定義!$A:$A,A54,回路定義!$B:$B,P54)=0),"／回路2が定義にない","")&IF(AND(S54<>"",COUNTIFS(回路定義!$A:$A,A54,回路定義!$B:$B,S54)=0),"／回路3が定義にない",""),2,300)))
A55: E24-S8-3 | B55: 両面 | C55: 29 | D55: 1 | E55: =IF(C55="","",C55+D55-1) | F55: 棚板 | Y55: =COUNT(N55,Q55,T55) | Z55: =IF(OR(K55="",NOT(ISNUMBER(K55))),"",K55*SUM(N55,Q55,T55)) | AA55: =IF(OR(Y55=0,N55=""),"",N55/Y55) | AB55: =IF(OR(Y55=0,Q55=""),"",Q55/Y55) | AC55: =IF(OR(Y55=0,T55=""),"",T55/Y55) | AD55: =IF(F55="","",IF((IF(AND(Y55=0,NOT(SUMPRODUCT(--ISNUMBER(SEARCH({"棚板","棚","アングル","ｱﾝｸﾞﾙ","使用不可","ケーブル","ｹｰﾌﾞﾙ","PatchPnael","パッチ","引き出し","引出","ブランク","ﾌﾞﾗﾝｸ","マネージ","ﾏﾈｰｼﾞ","PDU","ONU"},$F55&"")))>0),NOT(SUMPRODUCT(--ISNUMBER(SEARCH({"電源オフ","未投入","停止","未使用","撤去"},$X55&"")))>0)),"／電力が未記入","")&IF(AND(NOT(ISNUMBER(J55)),NOT(SUMPRODUCT(--ISNUMBER(SEARCH({"棚板","棚","アングル","ｱﾝｸﾞﾙ","使用不可","ケーブル","ｹｰﾌﾞﾙ","PatchPnael","パッチ","引き出し","引出","ブランク","ﾌﾞﾗﾝｸ","マネージ","ﾏﾈｰｼﾞ","PDU","ONU"},$F55&"")))>0)),"／重量が未記入","")&IF(AND(K55<>"",NOT(ISNUMBER(K55))),"／電圧が数値でない","")&IF(AND(N55<>"",NOT(ISNUMBER(N55))),"／電流が数値でない","")&IF(AND(C55<>"",C55<1),"／開始Uが1未満","")&IF(AND(E55<>"",E55>IFERROR(VLOOKUP(A55,ラック定義!$A:$B,2,FALSE),47)),"／総Uをはみ出す","")&IF(AND(A55<>"",COUNTIF(ラック定義!$A:$A,A55)=0),"／ラックが定義にない","")&IF(AND(SUMPRODUCT((機器台帳!$A$2:$A$400=$A55)*((機器台帳!$B$2:$B$400=$B55)+(機器台帳!$B$2:$B$400="両面")+($B55="両面")>0)*(機器台帳!$C$2:$C$400<=$C55+$D55-1)*(機器台帳!$C$2:$C$400+機器台帳!$D$2:$D$400-1>=$C55)*(機器台帳!$F$2:$F$400<>""))-1>0,NOT(SUMPRODUCT(--ISNUMBER(SEARCH({"棚板","棚","アングル","ｱﾝｸﾞﾙ","使用不可","ケーブル","ｹｰﾌﾞﾙ","PatchPnael","パッチ","引き出し","引出","ブランク","ﾌﾞﾗﾝｸ","マネージ","ﾏﾈｰｼﾞ","PDU","ONU"},$F55&"")))>0)),"／同じUに他の機器(横並びなら正常)","")&IF(AND(M55<>"",COUNTIFS(回路定義!$A:$A,A55,回路定義!$B:$B,M55)=0),"／回路1が定義にない","")&IF(AND(P55<>"",COUNTIFS(回路定義!$A:$A,A55,回路定義!$B:$B,P55)=0),"／回路2が定義にない","")&IF(AND(S55<>"",COUNTIFS(回路定義!$A:$A,A55,回路定義!$B:$B,S55)=0),"／回路3が定義にない",""))="","",MID(IF(AND(Y55=0,NOT(SUMPRODUCT(--ISNUMBER(SEARCH({"棚板","棚","アングル","ｱﾝｸﾞﾙ","使用不可","ケーブル","ｹｰﾌﾞﾙ","PatchPnael","パッチ","引き出し","引出","ブランク","ﾌﾞﾗﾝｸ","マネージ","ﾏﾈｰｼﾞ","PDU","ONU"},$F55&"")))>0),NOT(SUMPRODUCT(--ISNUMBER(SEARCH({"電源オフ","未投入","停止","未使用","撤去"},$X55&"")))>0)),"／電力が未記入","")&IF(AND(NOT(ISNUMBER(J55)),NOT(SUMPRODUCT(--ISNUMBER(SEARCH({"棚板","棚","アングル","ｱﾝｸﾞﾙ","使用不可","ケーブル","ｹｰﾌﾞﾙ","PatchPnael","パッチ","引き出し","引出","ブランク","ﾌﾞﾗﾝｸ","マネージ","ﾏﾈｰｼﾞ","PDU","ONU"},$F55&"")))>0)),"／重量が未記入","")&IF(AND(K55<>"",NOT(ISNUMBER(K55))),"／電圧が数値でない","")&IF(AND(N55<>"",NOT(ISNUMBER(N55))),"／電流が数値でない","")&IF(AND(C55<>"",C55<1),"／開始Uが1未満","")&IF(AND(E55<>"",E55>IFERROR(VLOOKUP(A55,ラック定義!$A:$B,2,FALSE),47)),"／総Uをはみ出す","")&IF(AND(A55<>"",COUNTIF(ラック定義!$A:$A,A55)=0),"／ラックが定義にない","")&IF(AND(SUMPRODUCT((機器台帳!$A$2:$A$400=$A55)*((機器台帳!$B$2:$B$400=$B55)+(機器台帳!$B$2:$B$400="両面")+($B55="両面")>0)*(機器台帳!$C$2:$C$400<=$C55+$D55-1)*(機器台帳!$C$2:$C$400+機器台帳!$D$2:$D$400-1>=$C55)*(機器台帳!$F$2:$F$400<>""))-1>0,NOT(SUMPRODUCT(--ISNUMBER(SEARCH({"棚板","棚","アングル","ｱﾝｸﾞﾙ","使用不可","ケーブル","ｹｰﾌﾞﾙ","PatchPnael","パッチ","引き出し","引出","ブランク","ﾌﾞﾗﾝｸ","マネージ","ﾏﾈｰｼﾞ","PDU","ONU"},$F55&"")))>0)),"／同じUに他の機器(横並びなら正常)","")&IF(AND(M55<>"",COUNTIFS(回路定義!$A:$A,A55,回路定義!$B:$B,M55)=0),"／回路1が定義にない","")&IF(AND(P55<>"",COUNTIFS(回路定義!$A:$A,A55,回路定義!$B:$B,P55)=0),"／回路2が定義にない","")&IF(AND(S55<>"",COUNTIFS(回路定義!$A:$A,A55,回路定義!$B:$B,S55)=0),"／回路3が定義にない",""),2,300)))
A56: E24-S8-3 | B56: 両面 | C56: 25 | D56: 1 | E56: =IF(C56="","",C56+D56-1) | F56: DELLEMC R630-1 | G56: H1600791 | I56: Server | J56: 9.5 | K56: 100 | L56: 2 | M56: 100V 20A （1） | N56: 3 | O56: 2 | V56: ○ | Y56: =COUNT(N56,Q56,T56) | Z56: =IF(OR(K56="",NOT(ISNUMBER(K56))),"",K56*SUM(N56,Q56,T56)) | AA56: =IF(OR(Y56=0,N56=""),"",N56/Y56) | AB56: =IF(OR(Y56=0,Q56=""),"",Q56/Y56) | AC56: =IF(OR(Y56=0,T56=""),"",T56/Y56) | AD56: =IF(F56="","",IF((IF(AND(Y56=0,NOT(SUMPRODUCT(--ISNUMBER(SEARCH({"棚板","棚","アングル","ｱﾝｸﾞﾙ","使用不可","ケーブル","ｹｰﾌﾞﾙ","PatchPnael","パッチ","引き出し","引出","ブランク","ﾌﾞﾗﾝｸ","マネージ","ﾏﾈｰｼﾞ","PDU","ONU"},$F56&"")))>0),NOT(SUMPRODUCT(--ISNUMBER(SEARCH({"電源オフ","未投入","停止","未使用","撤去"},$X56&"")))>0)),"／電力が未記入","")&IF(AND(NOT(ISNUMBER(J56)),NOT(SUMPRODUCT(--ISNUMBER(SEARCH({"棚板","棚","アングル","ｱﾝｸﾞﾙ","使用不可","ケーブル","ｹｰﾌﾞﾙ","PatchPnael","パッチ","引き出し","引出","ブランク","ﾌﾞﾗﾝｸ","マネージ","ﾏﾈｰｼﾞ","PDU","ONU"},$F56&"")))>0)),"／重量が未記入","")&IF(AND(K56<>"",NOT(ISNUMBER(K56))),"／電圧が数値でない","")&IF(AND(N56<>"",NOT(ISNUMBER(N56))),"／電流が数値でない","")&IF(AND(C56<>"",C56<1),"／開始Uが1未満","")&IF(AND(E56<>"",E56>IFERROR(VLOOKUP(A56,ラック定義!$A:$B,2,FALSE),47)),"／総Uをはみ出す","")&IF(AND(A56<>"",COUNTIF(ラック定義!$A:$A,A56)=0),"／ラックが定義にない","")&IF(AND(SUMPRODUCT((機器台帳!$A$2:$A$400=$A56)*((機器台帳!$B$2:$B$400=$B56)+(機器台帳!$B$2:$B$400="両面")+($B56="両面")>0)*(機器台帳!$C$2:$C$400<=$C56+$D56-1)*(機器台帳!$C$2:$C$400+機器台帳!$D$2:$D$400-1>=$C56)*(機器台帳!$F$2:$F$400<>""))-1>0,NOT(SUMPRODUCT(--ISNUMBER(SEARCH({"棚板","棚","アングル","ｱﾝｸﾞﾙ","使用不可","ケーブル","ｹｰﾌﾞﾙ","PatchPnael","パッチ","引き出し","引出","ブランク","ﾌﾞﾗﾝｸ","マネージ","ﾏﾈｰｼﾞ","PDU","ONU"},$F56&"")))>0)),"／同じUに他の機器(横並びなら正常)","")&IF(AND(M56<>"",COUNTIFS(回路定義!$A:$A,A56,回路定義!$B:$B,M56)=0),"／回路1が定義にない","")&IF(AND(P56<>"",COUNTIFS(回路定義!$A:$A,A56,回路定義!$B:$B,P56)=0),"／回路2が定義にない","")&IF(AND(S56<>"",COUNTIFS(回路定義!$A:$A,A56,回路定義!$B:$B,S56)=0),"／回路3が定義にない",""))="","",MID(IF(AND(Y56=0,NOT(SUMPRODUCT(--ISNUMBER(SEARCH({"棚板","棚","アングル","ｱﾝｸﾞﾙ","使用不可","ケーブル","ｹｰﾌﾞﾙ","PatchPnael","パッチ","引き出し","引出","ブランク","ﾌﾞﾗﾝｸ","マネージ","ﾏﾈｰｼﾞ","PDU","ONU"},$F56&"")))>0),NOT(SUMPRODUCT(--ISNUMBER(SEARCH({"電源オフ","未投入","停止","未使用","撤去"},$X56&"")))>0)),"／電力が未記入","")&IF(AND(NOT(ISNUMBER(J56)),NOT(SUMPRODUCT(--ISNUMBER(SEARCH({"棚板","棚","アングル","ｱﾝｸﾞﾙ","使用不可","ケーブル","ｹｰﾌﾞﾙ","PatchPnael","パッチ","引き出し","引出","ブランク","ﾌﾞﾗﾝｸ","マネージ","ﾏﾈｰｼﾞ","PDU","ONU"},$F56&"")))>0)),"／重量が未記入","")&IF(AND(K56<>"",NOT(ISNUMBER(K56))),"／電圧が数値でない","")&IF(AND(N56<>"",NOT(ISNUMBER(N56))),"／電流が数値でない","")&IF(AND(C56<>"",C56<1),"／開始Uが1未満","")&IF(AND(E56<>"",E56>IFERROR(VLOOKUP(A56,ラック定義!$A:$B,2,FALSE),47)),"／総Uをはみ出す","")&IF(AND(A56<>"",COUNTIF(ラック定義!$A:$A,A56)=0),"／ラックが定義にない","")&IF(AND(SUMPRODUCT((機器台帳!$A$2:$A$400=$A56)*((機器台帳!$B$2:$B$400=$B56)+(機器台帳!$B$2:$B$400="両面")+($B56="両面")>0)*(機器台帳!$C$2:$C$400<=$C56+$D56-1)*(機器台帳!$C$2:$C$400+機器台帳!$D$2:$D$400-1>=$C56)*(機器台帳!$F$2:$F$400<>""))-1>0,NOT(SUMPRODUCT(--ISNUMBER(SEARCH({"棚板","棚","アングル","ｱﾝｸﾞﾙ","使用不可","ケーブル","ｹｰﾌﾞﾙ","PatchPnael","パッチ","引き出し","引出","ブランク","ﾌﾞﾗﾝｸ","マネージ","ﾏﾈｰｼﾞ","PDU","ONU"},$F56&"")))>0)),"／同じUに他の機器(横並びなら正常)","")&IF(AND(M56<>"",COUNTIFS(回路定義!$A:$A,A56,回路定義!$B:$B,M56)=0),"／回路1が定義にない","")&IF(AND(P56<>"",COUNTIFS(回路定義!$A:$A,A56,回路定義!$B:$B,P56)=0),"／回路2が定義にない","")&IF(AND(S56<>"",COUNTIFS(回路定義!$A:$A,A56,回路定義!$B:$B,S56)=0),"／回路3が定義にない",""),2,300)))
A57: E24-S8-3 | B57: 両面 | C57: 24 | D57: 1 | E57: =IF(C57="","",C57+D57-1) | F57: Lj字アングル | Y57: =COUNT(N57,Q57,T57) | Z57: =IF(OR(K57="",NOT(ISNUMBER(K57))),"",K57*SUM(N57,Q57,T57)) | AA57: =IF(OR(Y57=0,N57=""),"",N57/Y57) | AB57: =IF(OR(Y57=0,Q57=""),"",Q57/Y57) | AC57: =IF(OR(Y57=0,T57=""),"",T57/Y57) | AD57: =IF(F57="","",IF((IF(AND(Y57=0,NOT(SUMPRODUCT(--ISNUMBER(SEARCH({"棚板","棚","アングル","ｱﾝｸﾞﾙ","使用不可","ケーブル","ｹｰﾌﾞﾙ","PatchPnael","パッチ","引き出し","引出","ブランク","ﾌﾞﾗﾝｸ","マネージ","ﾏﾈｰｼﾞ","PDU","ONU"},$F57&"")))>0),NOT(SUMPRODUCT(--ISNUMBER(SEARCH({"電源オフ","未投入","停止","未使用","撤去"},$X57&"")))>0)),"／電力が未記入","")&IF(AND(NOT(ISNUMBER(J57)),NOT(SUMPRODUCT(--ISNUMBER(SEARCH({"棚板","棚","アングル","ｱﾝｸﾞﾙ","使用不可","ケーブル","ｹｰﾌﾞﾙ","PatchPnael","パッチ","引き出し","引出","ブランク","ﾌﾞﾗﾝｸ","マネージ","ﾏﾈｰｼﾞ","PDU","ONU"},$F57&"")))>0)),"／重量が未記入","")&IF(AND(K57<>"",NOT(ISNUMBER(K57))),"／電圧が数値でない","")&IF(AND(N57<>"",NOT(ISNUMBER(N57))),"／電流が数値でない","")&IF(AND(C57<>"",C57<1),"／開始Uが1未満","")&IF(AND(E57<>"",E57>IFERROR(VLOOKUP(A57,ラック定義!$A:$B,2,FALSE),47)),"／総Uをはみ出す","")&IF(AND(A57<>"",COUNTIF(ラック定義!$A:$A,A57)=0),"／ラックが定義にない","")&IF(AND(SUMPRODUCT((機器台帳!$A$2:$A$400=$A57)*((機器台帳!$B$2:$B$400=$B57)+(機器台帳!$B$2:$B$400="両面")+($B57="両面")>0)*(機器台帳!$C$2:$C$400<=$C57+$D57-1)*(機器台帳!$C$2:$C$400+機器台帳!$D$2:$D$400-1>=$C57)*(機器台帳!$F$2:$F$400<>""))-1>0,NOT(SUMPRODUCT(--ISNUMBER(SEARCH({"棚板","棚","アングル","ｱﾝｸﾞﾙ","使用不可","ケーブル","ｹｰﾌﾞﾙ","PatchPnael","パッチ","引き出し","引出","ブランク","ﾌﾞﾗﾝｸ","マネージ","ﾏﾈｰｼﾞ","PDU","ONU"},$F57&"")))>0)),"／同じUに他の機器(横並びなら正常)","")&IF(AND(M57<>"",COUNTIFS(回路定義!$A:$A,A57,回路定義!$B:$B,M57)=0),"／回路1が定義にない","")&IF(AND(P57<>"",COUNTIFS(回路定義!$A:$A,A57,回路定義!$B:$B,P57)=0),"／回路2が定義にない","")&IF(AND(S57<>"",COUNTIFS(回路定義!$A:$A,A57,回路定義!$B:$B,S57)=0),"／回路3が定義にない",""))="","",MID(IF(AND(Y57=0,NOT(SUMPRODUCT(--ISNUMBER(SEARCH({"棚板","棚","アングル","ｱﾝｸﾞﾙ","使用不可","ケーブル","ｹｰﾌﾞﾙ","PatchPnael","パッチ","引き出し","引出","ブランク","ﾌﾞﾗﾝｸ","マネージ","ﾏﾈｰｼﾞ","PDU","ONU"},$F57&"")))>0),NOT(SUMPRODUCT(--ISNUMBER(SEARCH({"電源オフ","未投入","停止","未使用","撤去"},$X57&"")))>0)),"／電力が未記入","")&IF(AND(NOT(ISNUMBER(J57)),NOT(SUMPRODUCT(--ISNUMBER(SEARCH({"棚板","棚","アングル","ｱﾝｸﾞﾙ","使用不可","ケーブル","ｹｰﾌﾞﾙ","PatchPnael","パッチ","引き出し","引出","ブランク","ﾌﾞﾗﾝｸ","マネージ","ﾏﾈｰｼﾞ","PDU","ONU"},$F57&"")))>0)),"／重量が未記入","")&IF(AND(K57<>"",NOT(ISNUMBER(K57))),"／電圧が数値でない","")&IF(AND(N57<>"",NOT(ISNUMBER(N57))),"／電流が数値でない","")&IF(AND(C57<>"",C57<1),"／開始Uが1未満","")&IF(AND(E57<>"",E57>IFERROR(VLOOKUP(A57,ラック定義!$A:$B,2,FALSE),47)),"／総Uをはみ出す","")&IF(AND(A57<>"",COUNTIF(ラック定義!$A:$A,A57)=0),"／ラックが定義にない","")&IF(AND(SUMPRODUCT((機器台帳!$A$2:$A$400=$A57)*((機器台帳!$B$2:$B$400=$B57)+(機器台帳!$B$2:$B$400="両面")+($B57="両面")>0)*(機器台帳!$C$2:$C$400<=$C57+$D57-1)*(機器台帳!$C$2:$C$400+機器台帳!$D$2:$D$400-1>=$C57)*(機器台帳!$F$2:$F$400<>""))-1>0,NOT(SUMPRODUCT(--ISNUMBER(SEARCH({"棚板","棚","アングル","ｱﾝｸﾞﾙ","使用不可","ケーブル","ｹｰﾌﾞﾙ","PatchPnael","パッチ","引き出し","引出","ブランク","ﾌﾞﾗﾝｸ","マネージ","ﾏﾈｰｼﾞ","PDU","ONU"},$F57&"")))>0)),"／同じUに他の機器(横並びなら正常)","")&IF(AND(M57<>"",COUNTIFS(回路定義!$A:$A,A57,回路定義!$B:$B,M57)=0),"／回路1が定義にない","")&IF(AND(P57<>"",COUNTIFS(回路定義!$A:$A,A57,回路定義!$B:$B,P57)=0),"／回路2が定義にない","")&IF(AND(S57<>"",COUNTIFS(回路定義!$A:$A,A57,回路定義!$B:$B,S57)=0),"／回路3が定義にない",""),2,300)))
A58: E24-S8-3 | B58: 両面 | C58: 23 | D58: 1 | E58: =IF(C58="","",C58+D58-1) | F58: Dell S4148F-1 | G58: H2110083 | J58: 4.5 | K58: 100 | L58: 2 | M58: 100V 20A （1） | N58: 0.5 | O58: 1 | P58: 100V 20A （2） | Q58: 0.5 | R58: 1 | V58: 前留 | Y58: =COUNT(N58,Q58,T58) | Z58: =IF(OR(K58="",NOT(ISNUMBER(K58))),"",K58*SUM(N58,Q58,T58)) | AA58: =IF(OR(Y58=0,N58=""),"",N58/Y58) | AB58: =IF(OR(Y58=0,Q58=""),"",Q58/Y58) | AC58: =IF(OR(Y58=0,T58=""),"",T58/Y58) | AD58: =IF(F58="","",IF((IF(AND(Y58=0,NOT(SUMPRODUCT(--ISNUMBER(SEARCH({"棚板","棚","アングル","ｱﾝｸﾞﾙ","使用不可","ケーブル","ｹｰﾌﾞﾙ","PatchPnael","パッチ","引き出し","引出","ブランク","ﾌﾞﾗﾝｸ","マネージ","ﾏﾈｰｼﾞ","PDU","ONU"},$F58&"")))>0),NOT(SUMPRODUCT(--ISNUMBER(SEARCH({"電源オフ","未投入","停止","未使用","撤去"},$X58&"")))>0)),"／電力が未記入","")&IF(AND(NOT(ISNUMBER(J58)),NOT(SUMPRODUCT(--ISNUMBER(SEARCH({"棚板","棚","アングル","ｱﾝｸﾞﾙ","使用不可","ケーブル","ｹｰﾌﾞﾙ","PatchPnael","パッチ","引き出し","引出","ブランク","ﾌﾞﾗﾝｸ","マネージ","ﾏﾈｰｼﾞ","PDU","ONU"},$F58&"")))>0)),"／重量が未記入","")&IF(AND(K58<>"",NOT(ISNUMBER(K58))),"／電圧が数値でない","")&IF(AND(N58<>"",NOT(ISNUMBER(N58))),"／電流が数値でない","")&IF(AND(C58<>"",C58<1),"／開始Uが1未満","")&IF(AND(E58<>"",E58>IFERROR(VLOOKUP(A58,ラック定義!$A:$B,2,FALSE),47)),"／総Uをはみ出す","")&IF(AND(A58<>"",COUNTIF(ラック定義!$A:$A,A58)=0),"／ラックが定義にない","")&IF(AND(SUMPRODUCT((機器台帳!$A$2:$A$400=$A58)*((機器台帳!$B$2:$B$400=$B58)+(機器台帳!$B$2:$B$400="両面")+($B58="両面")>0)*(機器台帳!$C$2:$C$400<=$C58+$D58-1)*(機器台帳!$C$2:$C$400+機器台帳!$D$2:$D$400-1>=$C58)*(機器台帳!$F$2:$F$400<>""))-1>0,NOT(SUMPRODUCT(--ISNUMBER(SEARCH({"棚板","棚","アングル","ｱﾝｸﾞﾙ","使用不可","ケーブル","ｹｰﾌﾞﾙ","PatchPnael","パッチ","引き出し","引出","ブランク","ﾌﾞﾗﾝｸ","マネージ","ﾏﾈｰｼﾞ","PDU","ONU"},$F58&"")))>0)),"／同じUに他の機器(横並びなら正常)","")&IF(AND(M58<>"",COUNTIFS(回路定義!$A:$A,A58,回路定義!$B:$B,M58)=0),"／回路1が定義にない","")&IF(AND(P58<>"",COUNTIFS(回路定義!$A:$A,A58,回路定義!$B:$B,P58)=0),"／回路2が定義にない","")&IF(AND(S58<>"",COUNTIFS(回路定義!$A:$A,A58,回路定義!$B:$B,S58)=0),"／回路3が定義にない",""))="","",MID(IF(AND(Y58=0,NOT(SUMPRODUCT(--ISNUMBER(SEARCH({"棚板","棚","アングル","ｱﾝｸﾞﾙ","使用不可","ケーブル","ｹｰﾌﾞﾙ","PatchPnael","パッチ","引き出し","引出","ブランク","ﾌﾞﾗﾝｸ","マネージ","ﾏﾈｰｼﾞ","PDU","ONU"},$F58&"")))>0),NOT(SUMPRODUCT(--ISNUMBER(SEARCH({"電源オフ","未投入","停止","未使用","撤去"},$X58&"")))>0)),"／電力が未記入","")&IF(AND(NOT(ISNUMBER(J58)),NOT(SUMPRODUCT(--ISNUMBER(SEARCH({"棚板","棚","アングル","ｱﾝｸﾞﾙ","使用不可","ケーブル","ｹｰﾌﾞﾙ","PatchPnael","パッチ","引き出し","引出","ブランク","ﾌﾞﾗﾝｸ","マネージ","ﾏﾈｰｼﾞ","PDU","ONU"},$F58&"")))>0)),"／重量が未記入","")&IF(AND(K58<>"",NOT(ISNUMBER(K58))),"／電圧が数値でない","")&IF(AND(N58<>"",NOT(ISNUMBER(N58))),"／電流が数値でない","")&IF(AND(C58<>"",C58<1),"／開始Uが1未満","")&IF(AND(E58<>"",E58>IFERROR(VLOOKUP(A58,ラック定義!$A:$B,2,FALSE),47)),"／総Uをはみ出す","")&IF(AND(A58<>"",COUNTIF(ラック定義!$A:$A,A58)=0),"／ラックが定義にない","")&IF(AND(SUMPRODUCT((機器台帳!$A$2:$A$400=$A58)*((機器台帳!$B$2:$B$400=$B58)+(機器台帳!$B$2:$B$400="両面")+($B58="両面")>0)*(機器台帳!$C$2:$C$400<=$C58+$D58-1)*(機器台帳!$C$2:$C$400+機器台帳!$D$2:$D$400-1>=$C58)*(機器台帳!$F$2:$F$400<>""))-1>0,NOT(SUMPRODUCT(--ISNUMBER(SEARCH({"棚板","棚","アングル","ｱﾝｸﾞﾙ","使用不可","ケーブル","ｹｰﾌﾞﾙ","PatchPnael","パッチ","引き出し","引出","ブランク","ﾌﾞﾗﾝｸ","マネージ","ﾏﾈｰｼﾞ","PDU","ONU"},$F58&"")))>0)),"／同じUに他の機器(横並びなら正常)","")&IF(AND(M58<>"",COUNTIFS(回路定義!$A:$A,A58,回路定義!$B:$B,M58)=0),"／回路1が定義にない","")&IF(AND(P58<>"",COUNTIFS(回路定義!$A:$A,A58,回路定義!$B:$B,P58)=0),"／回路2が定義にない","")&IF(AND(S58<>"",COUNTIFS(回路定義!$A:$A,A58,回路定義!$B:$B,S58)=0),"／回路3が定義にない",""),2,300)))
A59: E24-S8-3 | B59: 両面 | C59: 22 | D59: 1 | E59: =IF(C59="","",C59+D59-1) | F59: Dell S4148F-2 | G59: H2110082 | J59: 4.5 | K59: 100 | L59: 2 | M59: 100V 20A （1） | N59: 0.5 | O59: 1 | P59: 100V 20A （2） | Q59: 0.5 | R59: 1 | V59: 前留 | Y59: =COUNT(N59,Q59,T59) | Z59: =IF(OR(K59="",NOT(ISNUMBER(K59))),"",K59*SUM(N59,Q59,T59)) | AA59: =IF(OR(Y59=0,N59=""),"",N59/Y59) | AB59: =IF(OR(Y59=0,Q59=""),"",Q59/Y59) | AC59: =IF(OR(Y59=0,T59=""),"",T59/Y59) | AD59: =IF(F59="","",IF((IF(AND(Y59=0,NOT(SUMPRODUCT(--ISNUMBER(SEARCH({"棚板","棚","アングル","ｱﾝｸﾞﾙ","使用不可","ケーブル","ｹｰﾌﾞﾙ","PatchPnael","パッチ","引き出し","引出","ブランク","ﾌﾞﾗﾝｸ","マネージ","ﾏﾈｰｼﾞ","PDU","ONU"},$F59&"")))>0),NOT(SUMPRODUCT(--ISNUMBER(SEARCH({"電源オフ","未投入","停止","未使用","撤去"},$X59&"")))>0)),"／電力が未記入","")&IF(AND(NOT(ISNUMBER(J59)),NOT(SUMPRODUCT(--ISNUMBER(SEARCH({"棚板","棚","アングル","ｱﾝｸﾞﾙ","使用不可","ケーブル","ｹｰﾌﾞﾙ","PatchPnael","パッチ","引き出し","引出","ブランク","ﾌﾞﾗﾝｸ","マネージ","ﾏﾈｰｼﾞ","PDU","ONU"},$F59&"")))>0)),"／重量が未記入","")&IF(AND(K59<>"",NOT(ISNUMBER(K59))),"／電圧が数値でない","")&IF(AND(N59<>"",NOT(ISNUMBER(N59))),"／電流が数値でない","")&IF(AND(C59<>"",C59<1),"／開始Uが1未満","")&IF(AND(E59<>"",E59>IFERROR(VLOOKUP(A59,ラック定義!$A:$B,2,FALSE),47)),"／総Uをはみ出す","")&IF(AND(A59<>"",COUNTIF(ラック定義!$A:$A,A59)=0),"／ラックが定義にない","")&IF(AND(SUMPRODUCT((機器台帳!$A$2:$A$400=$A59)*((機器台帳!$B$2:$B$400=$B59)+(機器台帳!$B$2:$B$400="両面")+($B59="両面")>0)*(機器台帳!$C$2:$C$400<=$C59+$D59-1)*(機器台帳!$C$2:$C$400+機器台帳!$D$2:$D$400-1>=$C59)*(機器台帳!$F$2:$F$400<>""))-1>0,NOT(SUMPRODUCT(--ISNUMBER(SEARCH({"棚板","棚","アングル","ｱﾝｸﾞﾙ","使用不可","ケーブル","ｹｰﾌﾞﾙ","PatchPnael","パッチ","引き出し","引出","ブランク","ﾌﾞﾗﾝｸ","マネージ","ﾏﾈｰｼﾞ","PDU","ONU"},$F59&"")))>0)),"／同じUに他の機器(横並びなら正常)","")&IF(AND(M59<>"",COUNTIFS(回路定義!$A:$A,A59,回路定義!$B:$B,M59)=0),"／回路1が定義にない","")&IF(AND(P59<>"",COUNTIFS(回路定義!$A:$A,A59,回路定義!$B:$B,P59)=0),"／回路2が定義にない","")&IF(AND(S59<>"",COUNTIFS(回路定義!$A:$A,A59,回路定義!$B:$B,S59)=0),"／回路3が定義にない",""))="","",MID(IF(AND(Y59=0,NOT(SUMPRODUCT(--ISNUMBER(SEARCH({"棚板","棚","アングル","ｱﾝｸﾞﾙ","使用不可","ケーブル","ｹｰﾌﾞﾙ","PatchPnael","パッチ","引き出し","引出","ブランク","ﾌﾞﾗﾝｸ","マネージ","ﾏﾈｰｼﾞ","PDU","ONU"},$F59&"")))>0),NOT(SUMPRODUCT(--ISNUMBER(SEARCH({"電源オフ","未投入","停止","未使用","撤去"},$X59&"")))>0)),"／電力が未記入","")&IF(AND(NOT(ISNUMBER(J59)),NOT(SUMPRODUCT(--ISNUMBER(SEARCH({"棚板","棚","アングル","ｱﾝｸﾞﾙ","使用不可","ケーブル","ｹｰﾌﾞﾙ","PatchPnael","パッチ","引き出し","引出","ブランク","ﾌﾞﾗﾝｸ","マネージ","ﾏﾈｰｼﾞ","PDU","ONU"},$F59&"")))>0)),"／重量が未記入","")&IF(AND(K59<>"",NOT(ISNUMBER(K59))),"／電圧が数値でない","")&IF(AND(N59<>"",NOT(ISNUMBER(N59))),"／電流が数値でない","")&IF(AND(C59<>"",C59<1),"／開始Uが1未満","")&IF(AND(E59<>"",E59>IFERROR(VLOOKUP(A59,ラック定義!$A:$B,2,FALSE),47)),"／総Uをはみ出す","")&IF(AND(A59<>"",COUNTIF(ラック定義!$A:$A,A59)=0),"／ラックが定義にない","")&IF(AND(SUMPRODUCT((機器台帳!$A$2:$A$400=$A59)*((機器台帳!$B$2:$B$400=$B59)+(機器台帳!$B$2:$B$400="両面")+($B59="両面")>0)*(機器台帳!$C$2:$C$400<=$C59+$D59-1)*(機器台帳!$C$2:$C$400+機器台帳!$D$2:$D$400-1>=$C59)*(機器台帳!$F$2:$F$400<>""))-1>0,NOT(SUMPRODUCT(--ISNUMBER(SEARCH({"棚板","棚","アングル","ｱﾝｸﾞﾙ","使用不可","ケーブル","ｹｰﾌﾞﾙ","PatchPnael","パッチ","引き出し","引出","ブランク","ﾌﾞﾗﾝｸ","マネージ","ﾏﾈｰｼﾞ","PDU","ONU"},$F59&"")))>0)),"／同じUに他の機器(横並びなら正常)","")&IF(AND(M59<>"",COUNTIFS(回路定義!$A:$A,A59,回路定義!$B:$B,M59)=0),"／回路1が定義にない","")&IF(AND(P59<>"",COUNTIFS(回路定義!$A:$A,A59,回路定義!$B:$B,P59)=0),"／回路2が定義にない","")&IF(AND(S59<>"",COUNTIFS(回路定義!$A:$A,A59,回路定義!$B:$B,S59)=0),"／回路3が定義にない",""),2,300)))
A60: E24-S8-3 | B60: 両面 | C60: 20 | D60: 1 | E60: =IF(C60="","",C60+D60-1) | F60: DELLEMC R640-1 | G60: H1714830 | I60: Server | J60: 9.5 | K60: 100 | L60: 2 | M60: 100V 20A （1） | N60: 3 | O60: 2 | V60: ○ | Y60: =COUNT(N60,Q60,T60) | Z60: =IF(OR(K60="",NOT(ISNUMBER(K60))),"",K60*SUM(N60,Q60,T60)) | AA60: =IF(OR(Y60=0,N60=""),"",N60/Y60) | AB60: =IF(OR(Y60=0,Q60=""),"",Q60/Y60) | AC60: =IF(OR(Y60=0,T60=""),"",T60/Y60) | AD60: =IF(F60="","",IF((IF(AND(Y60=0,NOT(SUMPRODUCT(--ISNUMBER(SEARCH({"棚板","棚","アングル","ｱﾝｸﾞﾙ","使用不可","ケーブル","ｹｰﾌﾞﾙ","PatchPnael","パッチ","引き出し","引出","ブランク","ﾌﾞﾗﾝｸ","マネージ","ﾏﾈｰｼﾞ","PDU","ONU"},$F60&"")))>0),NOT(SUMPRODUCT(--ISNUMBER(SEARCH({"電源オフ","未投入","停止","未使用","撤去"},$X60&"")))>0)),"／電力が未記入","")&IF(AND(NOT(ISNUMBER(J60)),NOT(SUMPRODUCT(--ISNUMBER(SEARCH({"棚板","棚","アングル","ｱﾝｸﾞﾙ","使用不可","ケーブル","ｹｰﾌﾞﾙ","PatchPnael","パッチ","引き出し","引出","ブランク","ﾌﾞﾗﾝｸ","マネージ","ﾏﾈｰｼﾞ","PDU","ONU"},$F60&"")))>0)),"／重量が未記入","")&IF(AND(K60<>"",NOT(ISNUMBER(K60))),"／電圧が数値でない","")&IF(AND(N60<>"",NOT(ISNUMBER(N60))),"／電流が数値でない","")&IF(AND(C60<>"",C60<1),"／開始Uが1未満","")&IF(AND(E60<>"",E60>IFERROR(VLOOKUP(A60,ラック定義!$A:$B,2,FALSE),47)),"／総Uをはみ出す","")&IF(AND(A60<>"",COUNTIF(ラック定義!$A:$A,A60)=0),"／ラックが定義にない","")&IF(AND(SUMPRODUCT((機器台帳!$A$2:$A$400=$A60)*((機器台帳!$B$2:$B$400=$B60)+(機器台帳!$B$2:$B$400="両面")+($B60="両面")>0)*(機器台帳!$C$2:$C$400<=$C60+$D60-1)*(機器台帳!$C$2:$C$400+機器台帳!$D$2:$D$400-1>=$C60)*(機器台帳!$F$2:$F$400<>""))-1>0,NOT(SUMPRODUCT(--ISNUMBER(SEARCH({"棚板","棚","アングル","ｱﾝｸﾞﾙ","使用不可","ケーブル","ｹｰﾌﾞﾙ","PatchPnael","パッチ","引き出し","引出","ブランク","ﾌﾞﾗﾝｸ","マネージ","ﾏﾈｰｼﾞ","PDU","ONU"},$F60&"")))>0)),"／同じUに他の機器(横並びなら正常)","")&IF(AND(M60<>"",COUNTIFS(回路定義!$A:$A,A60,回路定義!$B:$B,M60)=0),"／回路1が定義にない","")&IF(AND(P60<>"",COUNTIFS(回路定義!$A:$A,A60,回路定義!$B:$B,P60)=0),"／回路2が定義にない","")&IF(AND(S60<>"",COUNTIFS(回路定義!$A:$A,A60,回路定義!$B:$B,S60)=0),"／回路3が定義にない",""))="","",MID(IF(AND(Y60=0,NOT(SUMPRODUCT(--ISNUMBER(SEARCH({"棚板","棚","アングル","ｱﾝｸﾞﾙ","使用不可","ケーブル","ｹｰﾌﾞﾙ","PatchPnael","パッチ","引き出し","引出","ブランク","ﾌﾞﾗﾝｸ","マネージ","ﾏﾈｰｼﾞ","PDU","ONU"},$F60&"")))>0),NOT(SUMPRODUCT(--ISNUMBER(SEARCH({"電源オフ","未投入","停止","未使用","撤去"},$X60&"")))>0)),"／電力が未記入","")&IF(AND(NOT(ISNUMBER(J60)),NOT(SUMPRODUCT(--ISNUMBER(SEARCH({"棚板","棚","アングル","ｱﾝｸﾞﾙ","使用不可","ケーブル","ｹｰﾌﾞﾙ","PatchPnael","パッチ","引き出し","引出","ブランク","ﾌﾞﾗﾝｸ","マネージ","ﾏﾈｰｼﾞ","PDU","ONU"},$F60&"")))>0)),"／重量が未記入","")&IF(AND(K60<>"",NOT(ISNUMBER(K60))),"／電圧が数値でない","")&IF(AND(N60<>"",NOT(ISNUMBER(N60))),"／電流が数値でない","")&IF(AND(C60<>"",C60<1),"／開始Uが1未満","")&IF(AND(E60<>"",E60>IFERROR(VLOOKUP(A60,ラック定義!$A:$B,2,FALSE),47)),"／総Uをはみ出す","")&IF(AND(A60<>"",COUNTIF(ラック定義!$A:$A,A60)=0),"／ラックが定義にない","")&IF(AND(SUMPRODUCT((機器台帳!$A$2:$A$400=$A60)*((機器台帳!$B$2:$B$400=$B60)+(機器台帳!$B$2:$B$400="両面")+($B60="両面")>0)*(機器台帳!$C$2:$C$400<=$C60+$D60-1)*(機器台帳!$C$2:$C$400+機器台帳!$D$2:$D$400-1>=$C60)*(機器台帳!$F$2:$F$400<>""))-1>0,NOT(SUMPRODUCT(--ISNUMBER(SEARCH({"棚板","棚","アングル","ｱﾝｸﾞﾙ","使用不可","ケーブル","ｹｰﾌﾞﾙ","PatchPnael","パッチ","引き出し","引出","ブランク","ﾌﾞﾗﾝｸ","マネージ","ﾏﾈｰｼﾞ","PDU","ONU"},$F60&"")))>0)),"／同じUに他の機器(横並びなら正常)","")&IF(AND(M60<>"",COUNTIFS(回路定義!$A:$A,A60,回路定義!$B:$B,M60)=0),"／回路1が定義にない","")&IF(AND(P60<>"",COUNTIFS(回路定義!$A:$A,A60,回路定義!$B:$B,P60)=0),"／回路2が定義にない","")&IF(AND(S60<>"",COUNTIFS(回路定義!$A:$A,A60,回路定義!$B:$B,S60)=0),"／回路3が定義にない",""),2,300)))
A61: E24-S8-3 | B61: 両面 | C61: 18 | D61: 1 | E61: =IF(C61="","",C61+D61-1) | F61: DELLEMC R640-3 | G61: H1709323 | I61: Server | J61: 9.5 | K61: 100 | L61: 2 | M61: 100V 20A （1） | N61: 3 | O61: 2 | V61: ○ | Y61: =COUNT(N61,Q61,T61) | Z61: =IF(OR(K61="",NOT(ISNUMBER(K61))),"",K61*SUM(N61,Q61,T61)) | AA61: =IF(OR(Y61=0,N61=""),"",N61/Y61) | AB61: =IF(OR(Y61=0,Q61=""),"",Q61/Y61) | AC61: =IF(OR(Y61=0,T61=""),"",T61/Y61) | AD61: =IF(F61="","",IF((IF(AND(Y61=0,NOT(SUMPRODUCT(--ISNUMBER(SEARCH({"棚板","棚","アングル","ｱﾝｸﾞﾙ","使用不可","ケーブル","ｹｰﾌﾞﾙ","PatchPnael","パッチ","引き出し","引出","ブランク","ﾌﾞﾗﾝｸ","マネージ","ﾏﾈｰｼﾞ","PDU","ONU"},$F61&"")))>0),NOT(SUMPRODUCT(--ISNUMBER(SEARCH({"電源オフ","未投入","停止","未使用","撤去"},$X61&"")))>0)),"／電力が未記入","")&IF(AND(NOT(ISNUMBER(J61)),NOT(SUMPRODUCT(--ISNUMBER(SEARCH({"棚板","棚","アングル","ｱﾝｸﾞﾙ","使用不可","ケーブル","ｹｰﾌﾞﾙ","PatchPnael","パッチ","引き出し","引出","ブランク","ﾌﾞﾗﾝｸ","マネージ","ﾏﾈｰｼﾞ","PDU","ONU"},$F61&"")))>0)),"／重量が未記入","")&IF(AND(K61<>"",NOT(ISNUMBER(K61))),"／電圧が数値でない","")&IF(AND(N61<>"",NOT(ISNUMBER(N61))),"／電流が数値でない","")&IF(AND(C61<>"",C61<1),"／開始Uが1未満","")&IF(AND(E61<>"",E61>IFERROR(VLOOKUP(A61,ラック定義!$A:$B,2,FALSE),47)),"／総Uをはみ出す","")&IF(AND(A61<>"",COUNTIF(ラック定義!$A:$A,A61)=0),"／ラックが定義にない","")&IF(AND(SUMPRODUCT((機器台帳!$A$2:$A$400=$A61)*((機器台帳!$B$2:$B$400=$B61)+(機器台帳!$B$2:$B$400="両面")+($B61="両面")>0)*(機器台帳!$C$2:$C$400<=$C61+$D61-1)*(機器台帳!$C$2:$C$400+機器台帳!$D$2:$D$400-1>=$C61)*(機器台帳!$F$2:$F$400<>""))-1>0,NOT(SUMPRODUCT(--ISNUMBER(SEARCH({"棚板","棚","アングル","ｱﾝｸﾞﾙ","使用不可","ケーブル","ｹｰﾌﾞﾙ","PatchPnael","パッチ","引き出し","引出","ブランク","ﾌﾞﾗﾝｸ","マネージ","ﾏﾈｰｼﾞ","PDU","ONU"},$F61&"")))>0)),"／同じUに他の機器(横並びなら正常)","")&IF(AND(M61<>"",COUNTIFS(回路定義!$A:$A,A61,回路定義!$B:$B,M61)=0),"／回路1が定義にない","")&IF(AND(P61<>"",COUNTIFS(回路定義!$A:$A,A61,回路定義!$B:$B,P61)=0),"／回路2が定義にない","")&IF(AND(S61<>"",COUNTIFS(回路定義!$A:$A,A61,回路定義!$B:$B,S61)=0),"／回路3が定義にない",""))="","",MID(IF(AND(Y61=0,NOT(SUMPRODUCT(--ISNUMBER(SEARCH({"棚板","棚","アングル","ｱﾝｸﾞﾙ","使用不可","ケーブル","ｹｰﾌﾞﾙ","PatchPnael","パッチ","引き出し","引出","ブランク","ﾌﾞﾗﾝｸ","マネージ","ﾏﾈｰｼﾞ","PDU","ONU"},$F61&"")))>0),NOT(SUMPRODUCT(--ISNUMBER(SEARCH({"電源オフ","未投入","停止","未使用","撤去"},$X61&"")))>0)),"／電力が未記入","")&IF(AND(NOT(ISNUMBER(J61)),NOT(SUMPRODUCT(--ISNUMBER(SEARCH({"棚板","棚","アングル","ｱﾝｸﾞﾙ","使用不可","ケーブル","ｹｰﾌﾞﾙ","PatchPnael","パッチ","引き出し","引出","ブランク","ﾌﾞﾗﾝｸ","マネージ","ﾏﾈｰｼﾞ","PDU","ONU"},$F61&"")))>0)),"／重量が未記入","")&IF(AND(K61<>"",NOT(ISNUMBER(K61))),"／電圧が数値でない","")&IF(AND(N61<>"",NOT(ISNUMBER(N61))),"／電流が数値でない","")&IF(AND(C61<>"",C61<1),"／開始Uが1未満","")&IF(AND(E61<>"",E61>IFERROR(VLOOKUP(A61,ラック定義!$A:$B,2,FALSE),47)),"／総Uをはみ出す","")&IF(AND(A61<>"",COUNTIF(ラック定義!$A:$A,A61)=0),"／ラックが定義にない","")&IF(AND(SUMPRODUCT((機器台帳!$A$2:$A$400=$A61)*((機器台帳!$B$2:$B$400=$B61)+(機器台帳!$B$2:$B$400="両面")+($B61="両面")>0)*(機器台帳!$C$2:$C$400<=$C61+$D61-1)*(機器台帳!$C$2:$C$400+機器台帳!$D$2:$D$400-1>=$C61)*(機器台帳!$F$2:$F$400<>""))-1>0,NOT(SUMPRODUCT(--ISNUMBER(SEARCH({"棚板","棚","アングル","ｱﾝｸﾞﾙ","使用不可","ケーブル","ｹｰﾌﾞﾙ","PatchPnael","パッチ","引き出し","引出","ブランク","ﾌﾞﾗﾝｸ","マネージ","ﾏﾈｰｼﾞ","PDU","ONU"},$F61&"")))>0)),"／同じUに他の機器(横並びなら正常)","")&IF(AND(M61<>"",COUNTIFS(回路定義!$A:$A,A61,回路定義!$B:$B,M61)=0),"／回路1が定義にない","")&IF(AND(P61<>"",COUNTIFS(回路定義!$A:$A,A61,回路定義!$B:$B,P61)=0),"／回路2が定義にない","")&IF(AND(S61<>"",COUNTIFS(回路定義!$A:$A,A61,回路定義!$B:$B,S61)=0),"／回路3が定義にない",""),2,300)))
A62: E24-S8-3 | B62: 両面 | C62: 17 | D62: 1 | E62: =IF(C62="","",C62+D62-1) | F62: DELLEMC R640-4 S/N:768JCM2 | G62: H1714609 | I62: Server | J62: 9.5 | K62: 100 | L62: 2 | M62: 100V 20A （2） | N62: 3 | O62: 2 | V62: ○ | Y62: =COUNT(N62,Q62,T62) | Z62: =IF(OR(K62="",NOT(ISNUMBER(K62))),"",K62*SUM(N62,Q62,T62)) | AA62: =IF(OR(Y62=0,N62=""),"",N62/Y62) | AB62: =IF(OR(Y62=0,Q62=""),"",Q62/Y62) | AC62: =IF(OR(Y62=0,T62=""),"",T62/Y62) | AD62: =IF(F62="","",IF((IF(AND(Y62=0,NOT(SUMPRODUCT(--ISNUMBER(SEARCH({"棚板","棚","アングル","ｱﾝｸﾞﾙ","使用不可","ケーブル","ｹｰﾌﾞﾙ","PatchPnael","パッチ","引き出し","引出","ブランク","ﾌﾞﾗﾝｸ","マネージ","ﾏﾈｰｼﾞ","PDU","ONU"},$F62&"")))>0),NOT(SUMPRODUCT(--ISNUMBER(SEARCH({"電源オフ","未投入","停止","未使用","撤去"},$X62&"")))>0)),"／電力が未記入","")&IF(AND(NOT(ISNUMBER(J62)),NOT(SUMPRODUCT(--ISNUMBER(SEARCH({"棚板","棚","アングル","ｱﾝｸﾞﾙ","使用不可","ケーブル","ｹｰﾌﾞﾙ","PatchPnael","パッチ","引き出し","引出","ブランク","ﾌﾞﾗﾝｸ","マネージ","ﾏﾈｰｼﾞ","PDU","ONU"},$F62&"")))>0)),"／重量が未記入","")&IF(AND(K62<>"",NOT(ISNUMBER(K62))),"／電圧が数値でない","")&IF(AND(N62<>"",NOT(ISNUMBER(N62))),"／電流が数値でない","")&IF(AND(C62<>"",C62<1),"／開始Uが1未満","")&IF(AND(E62<>"",E62>IFERROR(VLOOKUP(A62,ラック定義!$A:$B,2,FALSE),47)),"／総Uをはみ出す","")&IF(AND(A62<>"",COUNTIF(ラック定義!$A:$A,A62)=0),"／ラックが定義にない","")&IF(AND(SUMPRODUCT((機器台帳!$A$2:$A$400=$A62)*((機器台帳!$B$2:$B$400=$B62)+(機器台帳!$B$2:$B$400="両面")+($B62="両面")>0)*(機器台帳!$C$2:$C$400<=$C62+$D62-1)*(機器台帳!$C$2:$C$400+機器台帳!$D$2:$D$400-1>=$C62)*(機器台帳!$F$2:$F$400<>""))-1>0,NOT(SUMPRODUCT(--ISNUMBER(SEARCH({"棚板","棚","アングル","ｱﾝｸﾞﾙ","使用不可","ケーブル","ｹｰﾌﾞﾙ","PatchPnael","パッチ","引き出し","引出","ブランク","ﾌﾞﾗﾝｸ","マネージ","ﾏﾈｰｼﾞ","PDU","ONU"},$F62&"")))>0)),"／同じUに他の機器(横並びなら正常)","")&IF(AND(M62<>"",COUNTIFS(回路定義!$A:$A,A62,回路定義!$B:$B,M62)=0),"／回路1が定義にない","")&IF(AND(P62<>"",COUNTIFS(回路定義!$A:$A,A62,回路定義!$B:$B,P62)=0),"／回路2が定義にない","")&IF(AND(S62<>"",COUNTIFS(回路定義!$A:$A,A62,回路定義!$B:$B,S62)=0),"／回路3が定義にない",""))="","",MID(IF(AND(Y62=0,NOT(SUMPRODUCT(--ISNUMBER(SEARCH({"棚板","棚","アングル","ｱﾝｸﾞﾙ","使用不可","ケーブル","ｹｰﾌﾞﾙ","PatchPnael","パッチ","引き出し","引出","ブランク","ﾌﾞﾗﾝｸ","マネージ","ﾏﾈｰｼﾞ","PDU","ONU"},$F62&"")))>0),NOT(SUMPRODUCT(--ISNUMBER(SEARCH({"電源オフ","未投入","停止","未使用","撤去"},$X62&"")))>0)),"／電力が未記入","")&IF(AND(NOT(ISNUMBER(J62)),NOT(SUMPRODUCT(--ISNUMBER(SEARCH({"棚板","棚","アングル","ｱﾝｸﾞﾙ","使用不可","ケーブル","ｹｰﾌﾞﾙ","PatchPnael","パッチ","引き出し","引出","ブランク","ﾌﾞﾗﾝｸ","マネージ","ﾏﾈｰｼﾞ","PDU","ONU"},$F62&"")))>0)),"／重量が未記入","")&IF(AND(K62<>"",NOT(ISNUMBER(K62))),"／電圧が数値でない","")&IF(AND(N62<>"",NOT(ISNUMBER(N62))),"／電流が数値でない","")&IF(AND(C62<>"",C62<1),"／開始Uが1未満","")&IF(AND(E62<>"",E62>IFERROR(VLOOKUP(A62,ラック定義!$A:$B,2,FALSE),47)),"／総Uをはみ出す","")&IF(AND(A62<>"",COUNTIF(ラック定義!$A:$A,A62)=0),"／ラックが定義にない","")&IF(AND(SUMPRODUCT((機器台帳!$A$2:$A$400=$A62)*((機器台帳!$B$2:$B$400=$B62)+(機器台帳!$B$2:$B$400="両面")+($B62="両面")>0)*(機器台帳!$C$2:$C$400<=$C62+$D62-1)*(機器台帳!$C$2:$C$400+機器台帳!$D$2:$D$400-1>=$C62)*(機器台帳!$F$2:$F$400<>""))-1>0,NOT(SUMPRODUCT(--ISNUMBER(SEARCH({"棚板","棚","アングル","ｱﾝｸﾞﾙ","使用不可","ケーブル","ｹｰﾌﾞﾙ","PatchPnael","パッチ","引き出し","引出","ブランク","ﾌﾞﾗﾝｸ","マネージ","ﾏﾈｰｼﾞ","PDU","ONU"},$F62&"")))>0)),"／同じUに他の機器(横並びなら正常)","")&IF(AND(M62<>"",COUNTIFS(回路定義!$A:$A,A62,回路定義!$B:$B,M62)=0),"／回路1が定義にない","")&IF(AND(P62<>"",COUNTIFS(回路定義!$A:$A,A62,回路定義!$B:$B,P62)=0),"／回路2が定義にない","")&IF(AND(S62<>"",COUNTIFS(回路定義!$A:$A,A62,回路定義!$B:$B,S62)=0),"／回路3が定義にない",""),2,300)))
A63: E24-S8-3 | B63: 両面 | C63: 16 | D63: 1 | E63: =IF(C63="","",C63+D63-1) | F63: DELLEMC R640-5S/N:2LF9WL2 | G63: H1709321 | I63: Server | J63: 9.5 | K63: 100 | L63: 2 | M63: 100V 20A （1） | N63: 3 | O63: 2 | V63: ○ | X63: 10/20 新規搭載予定 | Y63: =COUNT(N63,Q63,T63) | Z63: =IF(OR(K63="",NOT(ISNUMBER(K63))),"",K63*SUM(N63,Q63,T63)) | AA63: =IF(OR(Y63=0,N63=""),"",N63/Y63) | AB63: =IF(OR(Y63=0,Q63=""),"",Q63/Y63) | AC63: =IF(OR(Y63=0,T63=""),"",T63/Y63) | AD63: =IF(F63="","",IF((IF(AND(Y63=0,NOT(SUMPRODUCT(--ISNUMBER(SEARCH({"棚板","棚","アングル","ｱﾝｸﾞﾙ","使用不可","ケーブル","ｹｰﾌﾞﾙ","PatchPnael","パッチ","引き出し","引出","ブランク","ﾌﾞﾗﾝｸ","マネージ","ﾏﾈｰｼﾞ","PDU","ONU"},$F63&"")))>0),NOT(SUMPRODUCT(--ISNUMBER(SEARCH({"電源オフ","未投入","停止","未使用","撤去"},$X63&"")))>0)),"／電力が未記入","")&IF(AND(NOT(ISNUMBER(J63)),NOT(SUMPRODUCT(--ISNUMBER(SEARCH({"棚板","棚","アングル","ｱﾝｸﾞﾙ","使用不可","ケーブル","ｹｰﾌﾞﾙ","PatchPnael","パッチ","引き出し","引出","ブランク","ﾌﾞﾗﾝｸ","マネージ","ﾏﾈｰｼﾞ","PDU","ONU"},$F63&"")))>0)),"／重量が未記入","")&IF(AND(K63<>"",NOT(ISNUMBER(K63))),"／電圧が数値でない","")&IF(AND(N63<>"",NOT(ISNUMBER(N63))),"／電流が数値でない","")&IF(AND(C63<>"",C63<1),"／開始Uが1未満","")&IF(AND(E63<>"",E63>IFERROR(VLOOKUP(A63,ラック定義!$A:$B,2,FALSE),47)),"／総Uをはみ出す","")&IF(AND(A63<>"",COUNTIF(ラック定義!$A:$A,A63)=0),"／ラックが定義にない","")&IF(AND(SUMPRODUCT((機器台帳!$A$2:$A$400=$A63)*((機器台帳!$B$2:$B$400=$B63)+(機器台帳!$B$2:$B$400="両面")+($B63="両面")>0)*(機器台帳!$C$2:$C$400<=$C63+$D63-1)*(機器台帳!$C$2:$C$400+機器台帳!$D$2:$D$400-1>=$C63)*(機器台帳!$F$2:$F$400<>""))-1>0,NOT(SUMPRODUCT(--ISNUMBER(SEARCH({"棚板","棚","アングル","ｱﾝｸﾞﾙ","使用不可","ケーブル","ｹｰﾌﾞﾙ","PatchPnael","パッチ","引き出し","引出","ブランク","ﾌﾞﾗﾝｸ","マネージ","ﾏﾈｰｼﾞ","PDU","ONU"},$F63&"")))>0)),"／同じUに他の機器(横並びなら正常)","")&IF(AND(M63<>"",COUNTIFS(回路定義!$A:$A,A63,回路定義!$B:$B,M63)=0),"／回路1が定義にない","")&IF(AND(P63<>"",COUNTIFS(回路定義!$A:$A,A63,回路定義!$B:$B,P63)=0),"／回路2が定義にない","")&IF(AND(S63<>"",COUNTIFS(回路定義!$A:$A,A63,回路定義!$B:$B,S63)=0),"／回路3が定義にない",""))="","",MID(IF(AND(Y63=0,NOT(SUMPRODUCT(--ISNUMBER(SEARCH({"棚板","棚","アングル","ｱﾝｸﾞﾙ","使用不可","ケーブル","ｹｰﾌﾞﾙ","PatchPnael","パッチ","引き出し","引出","ブランク","ﾌﾞﾗﾝｸ","マネージ","ﾏﾈｰｼﾞ","PDU","ONU"},$F63&"")))>0),NOT(SUMPRODUCT(--ISNUMBER(SEARCH({"電源オフ","未投入","停止","未使用","撤去"},$X63&"")))>0)),"／電力が未記入","")&IF(AND(NOT(ISNUMBER(J63)),NOT(SUMPRODUCT(--ISNUMBER(SEARCH({"棚板","棚","アングル","ｱﾝｸﾞﾙ","使用不可","ケーブル","ｹｰﾌﾞﾙ","PatchPnael","パッチ","引き出し","引出","ブランク","ﾌﾞﾗﾝｸ","マネージ","ﾏﾈｰｼﾞ","PDU","ONU"},$F63&"")))>0)),"／重量が未記入","")&IF(AND(K63<>"",NOT(ISNUMBER(K63))),"／電圧が数値でない","")&IF(AND(N63<>"",NOT(ISNUMBER(N63))),"／電流が数値でない","")&IF(AND(C63<>"",C63<1),"／開始Uが1未満","")&IF(AND(E63<>"",E63>IFERROR(VLOOKUP(A63,ラック定義!$A:$B,2,FALSE),47)),"／総Uをはみ出す","")&IF(AND(A63<>"",COUNTIF(ラック定義!$A:$A,A63)=0),"／ラックが定義にない","")&IF(AND(SUMPRODUCT((機器台帳!$A$2:$A$400=$A63)*((機器台帳!$B$2:$B$400=$B63)+(機器台帳!$B$2:$B$400="両面")+($B63="両面")>0)*(機器台帳!$C$2:$C$400<=$C63+$D63-1)*(機器台帳!$C$2:$C$400+機器台帳!$D$2:$D$400-1>=$C63)*(機器台帳!$F$2:$F$400<>""))-1>0,NOT(SUMPRODUCT(--ISNUMBER(SEARCH({"棚板","棚","アングル","ｱﾝｸﾞﾙ","使用不可","ケーブル","ｹｰﾌﾞﾙ","PatchPnael","パッチ","引き出し","引出","ブランク","ﾌﾞﾗﾝｸ","マネージ","ﾏﾈｰｼﾞ","PDU","ONU"},$F63&"")))>0)),"／同じUに他の機器(横並びなら正常)","")&IF(AND(M63<>"",COUNTIFS(回路定義!$A:$A,A63,回路定義!$B:$B,M63)=0),"／回路1が定義にない","")&IF(AND(P63<>"",COUNTIFS(回路定義!$A:$A,A63,回路定義!$B:$B,P63)=0),"／回路2が定義にない","")&IF(AND(S63<>"",COUNTIFS(回路定義!$A:$A,A63,回路定義!$B:$B,S63)=0),"／回路3が定義にない",""),2,300)))
